geo_longitude,geo_latitude,Unique_ID,Name,City,Neighborhood,Multi_System,System,System_Code,Multi_Line,Lines,Service,Limited_Service,Service_Frequency,Terminus,Connections,Handicap_Accessible,Status,Year_Opened,Web_Link,Name_Link_HTML
-72.925772,41.29732,1001,New Haven,"New Haven, CT",,TRUE,"Amtrak, Metro-North Railroad, CTrail","NE01, NE05, MA03",TRUE,"Acela Express (Amtrak), Northeast Regional (Amtrak), Vermonter (Amtrak), New Haven Line (Metro-North Railroad), Shore Line East (CTrail)",Main Branch (New Haven Line),"Acela Express - False, Northeast Regional - False, New Haven Line (Main Branch) - False, ","Acela Express - Light (<15), Northeast Regional - Light (<15), New Haven Line - Heavy (<70), Shore Line East - Medium (<35)",TRUE,None,TRUE,Built,1920,https://en.wikipedia.org/wiki/Union_Station_(New_Haven),"<a href=""https://en.wikipedia.org/wiki/Union_Station_(New_Haven)"" target=""_blank"">New Haven</a>"
-72.921525,41.304974,1002,New Haven State Street,"New Haven, CT",,TRUE,"Metro-North Railroad, CTrail","NE05, MA03",FALSE,"Springfield Shuttle (Amtrak), New Haven Line (Metro-North Railroad), Hartford Line (CTrail), Shore Line East (CTrail)",Main Branch (New Haven Line),"Springfield Shuttle - True, New Haven Line (Main Branch) - True, Hartford Line - False, Shore Line East - False","Springfield Shuttle - Minimal (<5), New Haven Line (Main Branch) - Light (<15), Hartford Line - Light (<15), Shore Line East - Medium (<35)",TRUE,None,TRUE,Built,2002,https://en.wikipedia.org/wiki/New_Haven_State_Street_station,"<a href=""https://en.wikipedia.org/wiki/New_Haven_State_Street_station"" target=""_blank"">New Haven State Street</a>"
-72.963234,41.270813,1003,West Haven,"West Haven, CT",,TRUE,"Metro-North Railroad, CTrail","NE05, MA03",FALSE,"New Haven Line (Metro-North Railroad), Shore Line East (CTrail)",Main Branch (New Haven Line),"New Haven Line (Main Branch) - False, Shore Line East - True","New Haven Line (Main Branch) - Heavy (<70), Shore Line East - Minimal (<5) (Peak Hours Only)",FALSE,None,TRUE,Built,2013,https://en.wikipedia.org/wiki/West_Haven_station,"<a href=""https://en.wikipedia.org/wiki/West_Haven_station"" target=""_blank"">West Haven</a>"
-73.059411,41.222402,1004,Milford,"Milford, CT",,TRUE,"Metro-North Railroad, CTrail","NE05, MA03",FALSE,"New Haven Line (Metro-North Railroad), Shore Line East (CTrail)",Main Branch (New Haven Line),"New Haven Line (Main Branch) - False, Shore Line East - True","New Haven Line (Main Branch) - Heavy (<70), Shore Line East - Minimal (<5) (Peak Hours Only)",FALSE,None,FALSE,Built,,https://en.wikipedia.org/wiki/Milford_station_(Connecticut),"<a href=""https://en.wikipedia.org/wiki/Milford_station_(Connecticut)"" target=""_blank"">Milford</a>"
-73.13093,41.194464,1005,Stratford,"Stratford, CT",,TRUE,"Metro-North Railroad, CTrail","NE05, MA03",FALSE,"New Haven Line (Metro-North Railroad), Shore Line East (CTrail)","Main Branch (New Haven Line), Waterbury Branch (New Haven Line)","New Haven Line (Main Branch) - False, New Haven Line (Waterbury Branch) - True, Shore Line East - True","New Haven Line (Main Branch) - Heavy (<70), New Haven Line (Waterbury Branch) - Minimal (<5) (Peak Hours Only), Shore Line East - Minimal (<5) (Peak Hours Only)",TRUE,None,FALSE,Built,,https://en.wikipedia.org/wiki/Stratford_station_(Connecticut),"<a href=""https://en.wikipedia.org/wiki/Stratford_station_(Connecticut)"" target=""_blank"">Stratford</a>"
-73.186545,41.177908,1006,Bridgeport,"Bridgeport, CT",,TRUE,"Amtrak, Metro-North Railroad, CTrail","NE01, NE05, MA03",TRUE,"Northeast Regional (Amtrak), Vermonter (Amtrak), New Haven Line (Metro-North Railroad), Shore Line East (CTrail)","Main Branch (New Haven Line), Waterbury Branch (New Haven Line)","Northeast Regional - False, New Haven Line (Main Branch) - False, New Haven Line (Waterbury Branch) - False, Shore Line East - True","Northeast Regional - Light (<15), New Haven Line (Main Branch) - Heavy (<70), New Haven Line (Waterbury Branch) - Light (<15), Shore Line East - Minimal (<5) (Peak Hours Only)",TRUE,None,TRUE,Built,1975,https://en.wikipedia.org/wiki/Bridgeport_station_(Connecticut),"<a href=""https://en.wikipedia.org/wiki/Bridgeport_station_(Connecticut)"" target=""_blank"">Bridgeport</a>"
-73.235302,41.160085,1007,Fairfield Metro,"Fairfield, CT",,FALSE,Metro-North Railroad,MA03,FALSE,New Haven Line (Metro-North Railroad),Main Branch (New Haven Line),FALSE,Heavy (<70),FALSE,None,TRUE,Built,2011,https://en.wikipedia.org/wiki/Fairfield_Metro_station,"<a href=""https://en.wikipedia.org/wiki/Fairfield_Metro_station"" target=""_blank"">Fairfield Metro</a>"
-73.258294,41.142669,1008,Farifield,"Fairfield, CT",,FALSE,Metro-North Railroad,MA03,FALSE,New Haven Line (Metro-North Railroad),Main Branch (New Haven Line),FALSE,Heavy (<70),FALSE,None,FALSE,Built,1882,https://en.wikipedia.org/wiki/Fairfield_station_(Metro-North),"<a href=""https://en.wikipedia.org/wiki/Fairfield_station_(Metro-North)"" target=""_blank"">Farifield</a>"
-73.287687,41.135327,1009,Southport,"Southport, CT",,FALSE,Metro-North Railroad,MA03,FALSE,New Haven Line (Metro-North Railroad),Main Branch (New Haven Line),FALSE,Medium (<35),FALSE,None,FALSE,Built,1884,https://en.wikipedia.org/wiki/Southport_station_(Metro-North),"<a href=""https://en.wikipedia.org/wiki/Southport_station_(Metro-North)"" target=""_blank"">Southport</a>"
-73.314793,41.122275,1010,Green's Farms,"Westport, CT",,FALSE,Metro-North Railroad,MA03,FALSE,New Haven Line (Metro-North Railroad),Main Branch (New Haven Line),FALSE,Medium (<35),FALSE,None,FALSE,Built,,https://en.wikipedia.org/wiki/Green%27s_Farms_station,"<a href=""https://en.wikipedia.org/wiki/Green%27s_Farms_station"" target=""_blank"">Green's Farms</a>"
-73.371168,41.118787,1011,Westport / Saugatuck,"Westport, CT",Saugatuck,FALSE,Metro-North Railroad,MA03,FALSE,New Haven Line (Metro-North Railroad),Main Branch (New Haven Line),FALSE,Heavy (<70),FALSE,None,TRUE,Built,,https://en.wikipedia.org/wiki/Westport_station_(Metro-North),"<a href=""https://en.wikipedia.org/wiki/Westport_station_(Metro-North)"" target=""_blank"">Westport / Saugatuck</a>"
-73.404057,41.104011,1012,East Norwalk,"Norwalk, CT",East Norwalk,FALSE,Metro-North Railroad,MA03,FALSE,New Haven Line (Metro-North Railroad),Main Branch (New Haven Line),FALSE,Medium (<35),FALSE,None,FALSE,Built,,https://en.wikipedia.org/wiki/East_Norwalk_station,"<a href=""https://en.wikipedia.org/wiki/East_Norwalk_station"" target=""_blank"">East Norwalk</a>"
-73.421721,41.095635,1013,South Norwalk,"Norwalk, CT",South Norwalk,FALSE,Metro-North Railroad,MA03,FALSE,New Haven Line (Metro-North Railroad),"Main Branch (New Haven Line), Danbury Branch (New Haven Line)","New Haven Line (Main Branch) - False, New Haven Line (Danbury Branch) - False","New Haven Line (Main Branch) - Heavy (<70), New Haven Line (Danbury Branch) - Light (<15)",TRUE,None,TRUE,Built,1994,https://en.wikipedia.org/wiki/South_Norwalk_station,"<a href=""https://en.wikipedia.org/wiki/South_Norwalk_station"" target=""_blank"">South Norwalk</a>"
-73.444271,41.077488,1014,Rowayton,"Norwalk, CT",Rowayton,FALSE,Metro-North Railroad,MA03,FALSE,New Haven Line (Metro-North Railroad),Main Branch (New Haven Line),FALSE,Medium (<35),FALSE,None,FALSE,Built,,https://en.wikipedia.org/wiki/Rowayton_station,"<a href=""https://en.wikipedia.org/wiki/Rowayton_station"" target=""_blank"">Rowayton</a>"
-73.47169,41.076885,1015,Darien,"Darien, CT",,FALSE,Metro-North Railroad,MA03,FALSE,New Haven Line (Metro-North Railroad),Main Branch (New Haven Line),FALSE,Heavy (<70),FALSE,None,TRUE,Built,1890s,https://en.wikipedia.org/wiki/Darien_station,"<a href=""https://en.wikipedia.org/wiki/Darien_station"" target=""_blank"">Darien</a>"
-73.496674,41.068795,1016,Noroton Heights,"Darien, CT",,FALSE,Metro-North Railroad,MA03,FALSE,New Haven Line (Metro-North Railroad),Main Branch (New Haven Line),FALSE,Medium (<35),FALSE,None,FALSE,Built,,https://en.wikipedia.org/wiki/Noroton_Heights_station,"<a href=""https://en.wikipedia.org/wiki/Noroton_Heights_station"" target=""_blank"">Noroton Heights</a>"
-73.541886,41.04669,1017,Stamford,"Stamford, CT",Downtown Stamford,TRUE,"Amtrak, Metro-North Railroad, CTrail","NE01, NE05, MA03",TRUE,"Acela Express (Amtrak), Northeast Regional (Amtrak), New Haven Line (Metro-North Railroad), Shore Line East (CTrail)","Main Branch (New Haven Line), Danbury Branch (New Haven Line), New Canaan Branch (New Haven Line)","Acela Express - False, Northeast Regional - False, New Haven Line (Main Branch) - False, New Haven Line (Danbury Branch) - True, New Haven Line (New Canaan Branch) - False, Shore Line East - True","Acela Express - Light (<15), Northeast Regional - Light (<15), New Haven Line (Main Branch) - Constant (>60), New Haven Line (Danbury Branch) - Minimal (<5) (Peak Hours Only), New Haven Line (New Canaan Branch) - Medium (<35), Shore Line East - Minimal (<5) (Peak Hours Only)",TRUE,None,TRUE,Built,1987,https://en.wikipedia.org/wiki/Stamford_Transportation_Center,"<a href=""https://en.wikipedia.org/wiki/Stamford_Transportation_Center"" target=""_blank"">Stamford</a>"
-73.587549,41.031529,1018,Old Greenwich,"Greenwich, CT",Old Greenwich,FALSE,Metro-North Railroad,MA03,FALSE,New Haven Line (Metro-North Railroad),"Main Branch (New Haven Line), New Canaan Branch (New Haven Line)","New Haven Line (Main Branch) - False, New Haven Line (New Canaan Branch) - True","New Haven Line (Main Branch) - Heavy (<70), New Haven Line (New Canaan Branch) - Minimal (<5) (Peak Hours Only)",FALSE,None,FALSE,Built,1875,https://en.wikipedia.org/wiki/Old_Greenwich_station,"<a href=""https://en.wikipedia.org/wiki/Old_Greenwich_station"" target=""_blank"">Old Greenwich</a>"
-73.567963,41.033099,1019,Riverside,"Greenwich, CT",Riverside,FALSE,Metro-North Railroad,MA03,FALSE,New Haven Line (Metro-North Railroad),"Main Branch (New Haven Line), New Canaan Branch (New Haven Line)","New Haven Line (Main Branch) - False, New Haven Line (New Canaan Branch) - True","New Haven Line (Main Branch) - Heavy (<70), New Haven Line (New Canaan Branch) - Minimal (<5) (Peak Hours Only)",FALSE,None,FALSE,Built,,https://en.wikipedia.org/wiki/Riverside_station_(Metro-North),"<a href=""https://en.wikipedia.org/wiki/Riverside_station_(Metro-North)"" target=""_blank"">Riverside</a>"
-73.599915,41.029623,1020,Cos Cob,"Greenwich, CT",Cos Cob,FALSE,Metro-North Railroad,MA03,FALSE,New Haven Line (Metro-North Railroad),"Main Branch (New Haven Line), New Canaan Branch (New Haven Line)","New Haven Line (Main Branch) - False, New Haven Line (New Canaan Branch) - True","New Haven Line (Main Branch) - Heavy (<70), New Haven Line (New Canaan Branch) - Minimal (<5) (Peak Hours Only)",FALSE,None,TRUE,Built,1890,https://en.wikipedia.org/wiki/Cos_Cob_station,"<a href=""https://en.wikipedia.org/wiki/Cos_Cob_station"" target=""_blank"">Cos Cob</a>"
-73.625248,41.021129,1021,Greenwich,"Greenwich, CT",Central Greenwich,FALSE,Metro-North Railroad,MA03,FALSE,New Haven Line (Metro-North Railroad),"Main Branch (New Haven Line), New Canaan Branch (New Haven Line)","New Haven Line (Main Branch) - False, New Haven Line (New Canaan Branch) - True","New Haven Line (Main Branch) - Heavy (<70), New Haven Line (New Canaan Branch) - Minimal (<5) (Peak Hours Only)",TRUE,None,TRUE,Built,1970,https://en.wikipedia.org/wiki/Greenwich_station_(Metro-North),"<a href=""https://en.wikipedia.org/wiki/Greenwich_station_(Metro-North)"" target=""_blank"">Greenwich</a>"
-73.520016,41.071165,1022,Glenbrook,"Stamford, CT",Glenbrook,FALSE,Metro-North Railroad,MA03,FALSE,New Haven Line (Metro-North Railroad),New Canaan Branch (New Haven Line),FALSE,Medium (<35),FALSE,None,TRUE,Built,,https://en.wikipedia.org/wiki/Glenbrook_station_(Metro-North),"<a href=""https://en.wikipedia.org/wiki/Glenbrook_station_(Metro-North)"" target=""_blank"">Glenbrook</a>"
-73.517732,41.089049,1023,Springdale,"Stamford, CT",Springdale,FALSE,Metro-North Railroad,MA03,FALSE,New Haven Line (Metro-North Railroad),New Canaan Branch (New Haven Line),FALSE,Medium (<35),FALSE,None,TRUE,Built,1972,https://en.wikipedia.org/wiki/Springdale_station,"<a href=""https://en.wikipedia.org/wiki/Springdale_station"" target=""_blank"">Springdale</a>"
-73.497907,41.116418,1024,Talmadge Hill,"New Canaan, CT",Talmadge Hill,FALSE,Metro-North Railroad,MA03,FALSE,New Haven Line (Metro-North Railroad),New Canaan Branch (New Haven Line),FALSE,Medium (<35),FALSE,None,TRUE,Built,,https://en.wikipedia.org/wiki/Talmadge_Hill_station,"<a href=""https://en.wikipedia.org/wiki/Talmadge_Hill_station"" target=""_blank"">Talmadge Hill</a>"
-73.496335,41.145833,1025,New Canaan,"New Canaan, CT",,FALSE,Metro-North Railroad,MA03,FALSE,New Haven Line (Metro-North Railroad),New Canaan Branch (New Haven Line),FALSE,Medium (<35),TRUE,None,TRUE,Built,,https://en.wikipedia.org/wiki/New_Canaan_station,"<a href=""https://en.wikipedia.org/wiki/New_Canaan_station"" target=""_blank"">New Canaan</a>"
-73.427722,41.146405,1026,Merritt 7,"Norwalk, CT",,FALSE,Metro-North Railroad,MA03,FALSE,New Haven Line (Metro-North Railroad),Danbury Branch (New Haven Line),FALSE,Light (<15),FALSE,None,FALSE,Built,1985,https://en.wikipedia.org/wiki/Merritt_7_station,"<a href=""https://en.wikipedia.org/wiki/Merritt_7_station"" target=""_blank"">Merritt 7</a>"
-73.431936,41.195787,1027,Wilton,"Wilton, CT",,FALSE,Metro-North Railroad,MA03,FALSE,New Haven Line (Metro-North Railroad),Danbury Branch (New Haven Line),FALSE,Light (<15),FALSE,None,TRUE,Built,,https://en.wikipedia.org/wiki/Wilton_station_(Metro-North),"<a href=""https://en.wikipedia.org/wiki/Wilton_station_(Metro-North)"" target=""_blank"">Wilton</a>"
-73.426613,41.21651,1028,Cannondale,"Wilton, CT",Cannondale,FALSE,Metro-North Railroad,MA03,FALSE,New Haven Line (Metro-North Railroad),Danbury Branch (New Haven Line),FALSE,Light (<15),FALSE,None,TRUE,Built,1890s,https://en.wikipedia.org/wiki/Cannondale_station,"<a href=""https://en.wikipedia.org/wiki/Cannondale_station"" target=""_blank"">Cannondale</a>"
-73.440717,41.266768,1029,Branchville,"Ridgefield, CT",Branchville,FALSE,Metro-North Railroad,MA03,FALSE,New Haven Line (Metro-North Railroad),Danbury Branch (New Haven Line),FALSE,Light (<15),FALSE,None,TRUE,Built,1905,https://en.wikipedia.org/wiki/Branchville_station,"<a href=""https://en.wikipedia.org/wiki/Branchville_station"" target=""_blank"">Branchville</a>"
-73.435009,41.324826,1030,Redding,"Redding, CT",,FALSE,Metro-North Railroad,MA03,FALSE,New Haven Line (Metro-North Railroad),Danbury Branch (New Haven Line),FALSE,Light (<15),FALSE,None,TRUE,Built,,https://en.wikipedia.org/wiki/Redding_station_(Metro-North),"<a href=""https://en.wikipedia.org/wiki/Redding_station_(Metro-North)"" target=""_blank"">Redding</a>"
-73.418155,41.376166,1031,Bethel,"Bethel, CT",,FALSE,Metro-North Railroad,MA03,FALSE,New Haven Line (Metro-North Railroad),Danbury Branch (New Haven Line),FALSE,Light (<15),FALSE,None,TRUE,Built,1996,https://en.wikipedia.org/wiki/Bethel_station,"<a href=""https://en.wikipedia.org/wiki/Bethel_station"" target=""_blank"">Bethel</a>"
-73.448822,41.396008,1032,Danbury,"Danbury, CT",,FALSE,Metro-North Railroad,MA03,FALSE,New Haven Line (Metro-North Railroad),Danbury Branch (New Haven Line),FALSE,Light (<15),TRUE,None,TRUE,Built,1996,https://en.wikipedia.org/wiki/Danbury_station,"<a href=""https://en.wikipedia.org/wiki/Danbury_station"" target=""_blank"">Danbury</a>"
-73.083549,41.320195,1033,Derby-Shelton,"Derby, CT",,FALSE,Metro-North Railroad,MA03,FALSE,New Haven Line (Metro-North Railroad),Waterbury Branch (New Haven Line),TRUE,Light (<15),FALSE,None,FALSE,Built,,https://en.wikipedia.org/wiki/Derby–Shelton_station,"<a href=""https://en.wikipedia.org/wiki/Derby–Shelton_station"" target=""_blank"">Derby-Shelton</a>"
-73.079985,41.344142,1034,Ansonia,"Ansonia, CT",,FALSE,Metro-North Railroad,MA03,FALSE,New Haven Line (Metro-North Railroad),Waterbury Branch (New Haven Line),TRUE,Light (<15),FALSE,None,FALSE,Built,,https://en.wikipedia.org/wiki/Ansonia_station,"<a href=""https://en.wikipedia.org/wiki/Ansonia_station"" target=""_blank"">Ansonia</a>"
-73.072381,41.39529,1035,Seymour,"Seymour, CT",,FALSE,Metro-North Railroad,MA03,FALSE,New Haven Line (Metro-North Railroad),Waterbury Branch (New Haven Line),TRUE,Light (<15),FALSE,None,FALSE,Built,,https://en.wikipedia.org/wiki/Seymour_station,"<a href=""https://en.wikipedia.org/wiki/Seymour_station"" target=""_blank"">Seymour</a>"
-73.063147,41.440572,1036,Beacon Falls,"Beacon Falls, CT",,FALSE,Metro-North Railroad,MA03,FALSE,New Haven Line (Metro-North Railroad),Waterbury Branch (New Haven Line),TRUE,Light (<15),FALSE,None,FALSE,Built,,https://en.wikipedia.org/wiki/Beacon_Falls_station,"<a href=""https://en.wikipedia.org/wiki/Beacon_Falls_station"" target=""_blank"">Beacon Falls</a>"
-73.052237,41.491847,1037,Naugatuck,"Naugatuck, CT",,FALSE,Metro-North Railroad,MA03,FALSE,New Haven Line (Metro-North Railroad),Waterbury Branch (New Haven Line),TRUE,Light (<15),FALSE,None,FALSE,Built,1911,https://en.wikipedia.org/wiki/Naugatuck_station,"<a href=""https://en.wikipedia.org/wiki/Naugatuck_station"" target=""_blank"">Naugatuck</a>"
-73.047052,41.554399,1038,Waterbury,"Waterbury, CT",,FALSE,Metro-North Railroad,MA03,FALSE,New Haven Line (Metro-North Railroad),Waterbury Branch (New Haven Line),TRUE,Light (<15),TRUE,None,TRUE,Built,1909,https://en.wikipedia.org/wiki/Waterbury_station,"<a href=""https://en.wikipedia.org/wiki/Waterbury_station"" target=""_blank"">Waterbury</a>"
-73.000127,41.245043,1039,Orange (Planned),"Orange, CT",,FALSE,Metro-North Railroad,MA03,FALSE,New Haven Line (Metro-North Railroad),,,,FALSE,None,,Planned,,https://en.wikipedia.org/wiki/Orange_station_(Metro-North),"<a href=""https://en.wikipedia.org/wiki/Orange_station_(Metro-North)"" target=""_blank"">Orange (Planned)</a>"
-73.173841,41.185897,1040,Barnum (Planned),"Bridgeport, CT",,FALSE,Metro-North Railroad,MA03,FALSE,New Haven Line (Metro-North Railroad),,,,FALSE,None,,Planned,,https://en.wikipedia.org/wiki/Barnum_station,"<a href=""https://en.wikipedia.org/wiki/Barnum_station"" target=""_blank"">Barnum (Planned)</a>"
-72.817408,41.274764,1051,Branford,"Branford, CT",,FALSE,CTrail,,FALSE,Shore Line East (CTrail),,FALSE,Medium (<35),FALSE,None,TRUE,Built,1990,,Branford
-72.673724,41.275698,1052,Guilford,"Guilford, CT",,FALSE,CTrail,,FALSE,Shore Line East (CTrail),,FALSE,Medium (<35),FALSE,None,TRUE,Built,1990,,Guilford
-72.599525,41.283616,1053,Madison,"Madison, CT",,FALSE,CTrail,,FALSE,Shore Line East (CTrail),,FALSE,Light (<15),FALSE,None,TRUE,Built,1990,,Madison
-72.52894,41.279527,1054,Clinton,"Clinton, CT",,FALSE,CTrail,,FALSE,Shore Line East (CTrail),,FALSE,Light (<15),FALSE,None,TRUE,Built,1990,,Clinton
-72.447814,41.288869,1055,Westbrook,"Westbrook, CT",,FALSE,CTrail,,FALSE,Shore Line East (CTrail),,FALSE,Medium (<35),FALSE,None,TRUE,Built,1990,,Westbrook
-72.377503,41.300311,1056,Old Saybrook,"Old Saybrook, CT",,FALSE,"Amtrak, CTrail",,FALSE,"Northeast Regional (Amtrak), Shore Line East (CTrail)",Boston Branch (Northeast Regional),"Northeast Regional (Boston Branch) - False, Shore Line East - False","Northeast Regional (Boston Branch) - Light (<15), Shore Line East - Medium (<35)",TRUE,None,TRUE,Built,1873,,Old Saybrook
-72.092807,41.354153,1057,New London,"New London, CT",,FALSE,"Amtrak, CTrail",,FALSE,"Acela Express (Amtrak), Northeast Regional (Amtrak), Shore Line East (CTrail)",Boston Branch (Northeast Regional),"Acela Express - True, Northeast Regional (Boston Branch) - False, Shore Line East - True","Acela Express - Minimal (<5), Northeast Regional (Boston Branch) - Light (<15), Shore Line East - Minimal (<5) (Peak Hours Only)",TRUE,None,TRUE,Built,1848,,New London
-72.878084,41.378002,1058,North Haven (Planned),"North Haven, CT",,FALSE,CTrail,,FALSE,Hartford Line (CTrail),,,,FALSE,None,,Under Construction,,,North Haven (Planned)
-72.822851,41.461548,1059,Wallingford,"Wallingford, CT",,FALSE,"Amtrak, CTrail",,TRUE,"Northeast Regional (Amtrak), Springfield Shuttle (Amtrak), Vermonter (Amtrak), Hartford Line (CTrail)",Springfield Branch (Northeast Regional),"Northeast Regional (Springfield Branch) - True, Springfield Shuttle - False, Hartford Line - False","Northeast Regional (Springfield Branch) - Minimal (<5), Springfield Shuttle - Minimal (<5), Hartford Line - Light (<15)",FALSE,None,TRUE,Built,1871,,Wallingford
-72.801416,41.538974,1060,Meriden,"Meriden, CT",,FALSE,"Amtrak, CTrail",,TRUE,"Northeast Regional (Amtrak), Springfield Shuttle (Amtrak), Vermonter (Amtrak), Hartford Line (CTrail)",Springfield Branch (Northeast Regional),"Northeast Regional (Springfield Branch) - True, Springfield Shuttle - False, Hartford Line - False","Northeast Regional (Springfield Branch) - Minimal (<5), Springfield Shuttle - Minimal (<5), Hartford Line - Light (<15)",FALSE,None,FALSE,Built,1939,,Meriden
-72.765207,41.63602,1061,Berlin,"Berlin, CT",,FALSE,"Amtrak, CTrail",,TRUE,"Northeast Regional (Amtrak), Springfield Shuttle (Amtrak), Vermonter (Amtrak), Hartford Line (CTrail)",Springfield Branch (Northeast Regional),"Northeast Regional (Springfield Branch) - True, Springfield Shuttle - False, Hartford Line - False","Northeast Regional (Springfield Branch) - Minimal (<5), Springfield Shuttle - Minimal (<5), Hartford Line - Light (<15)",FALSE,None,FALSE,Built,1839,,Berlin
-72.749047,41.695015,1062,Newington (Planned),"Newington, CT",,FALSE,CTrail,,FALSE,Hartford Line (CTrail),,,,FALSE,None,,Planned,,,Newington (Planned)
-72.715157,41.742697,1063,West Hartford (Planned),"West Hartford, CT",,FALSE,CTrail,,FALSE,Hartford Line (CTrail),,,,FALSE,None,,Planned,,,West Hartford (Planned)
-72.681792,41.768853,1064,Hartford,"Hartford, CT",,FALSE,"Amtrak, CTrail",,TRUE,"Northeast Regional (Amtrak), Springfield Shuttle (Amtrak), Vermonter (Amtrak), Hartford Line (CTrail)",Springfield Branch (Northeast Regional),"Northeast Regional (Springfield Branch) - True, Springfield Shuttle - False, Hartford Line - False","Northeast Regional (Springfield Branch) - Minimal (<5), Springfield Shuttle - Minimal (<5), Hartford Line - Light (<15)",FALSE,None,TRUE,Built,1889,,Hartford
-72.642121,41.852163,1065,Windsor,"Windsor, CT",,FALSE,"Amtrak, CTrail",,TRUE,"Northeast Regional (Amtrak), Springfield Shuttle (Amtrak), Vermonter (Amtrak), Hartford Line (CTrail)",Springfield Branch (Northeast Regional),"Northeast Regional (Springfield Branch) - True, Springfield Shuttle - False, Hartford Line - True","Northeast Regional (Springfield Branch) - Minimal (<5), Springfield Shuttle - Minimal (<5), Hartford Line - Light (<15)",FALSE,None,TRUE,Built,1870,,Windsor
-72.62595,41.91391,1066,Windsor Locks,"Windsor Locks, CT",,FALSE,"Amtrak, CTrail",,TRUE,"Northeast Regional (Amtrak), Springfield Shuttle (Amtrak), Vermonter (Amtrak), Hartford Line (CTrail)",Springfield Branch (Northeast Regional),"Northeast Regional (Springfield Branch) - True, Springfield Shuttle - False, Hartford Line - True","Northeast Regional (Springfield Branch) - Minimal (<5), Springfield Shuttle - Minimal (<5), Hartford Line - Light (<15)",FALSE,None,TRUE,Built,1981,,Windsor Locks
-72.604343,41.999037,1067,Enfield (Planned),"Enfield, CT",,FALSE,CTrail,,FALSE,Hartford Line (CTrail),,,,FALSE,None,,Under Construction,,,Enfield (Planned)
-72.593568,42.106036,1068,Springfield,"Springfield, MA",,FALSE,"Amtrak, CTrail",,TRUE,"Lake Shore Limited (Amtrak), Northeast Regional (Amtrak), Springfield Shuttle (Amtrak), Vermonter (Amtrak), Hartford Line (CTrail)","Springfield Branch (Northeast Regional), Boston Service (Lake Shore Limited)","Lake Shore Limited - True, Northeast Regional (Springfield Branch) - True, Springfield Shuttle - False, Hartford Line - True","Lake Shore Limited - Minimal (<5), Northeast Regional (Springfield Branch) - Minimal (<5), Springfield Shuttle - Minimal (<5), Hartford Line - Light (<15)",TRUE,None,TRUE,Built,1839,,Springfield
-71.140703,42.396182,1080,Alewife,"Cambridge, MA",North Cambridge,FALSE,MBTA Subway,,FALSE,Red Line (MBTA Subway),"Ashmont (Red Line), Braintree (Red Line)","Red Line (Ashmont) - False, Red Line (Braintree) - False",Constant (>70),TRUE,None,TRUE,Built,1985,,Alewife
-71.122528,42.396839,1081,Davis,"Somerville, MA",Davis Square,FALSE,MBTA Subway,,FALSE,Red Line (MBTA Subway),"Ashmont (Red Line), Braintree (Red Line)","Red Line (Ashmont) - False, Red Line (Braintree) - False",Constant (>70),FALSE,None,TRUE,Built,1984,,Davis
-71.118972,42.38821,1082,Porter,"Cambridge, MA",Porter Square,TRUE,"MBTA Commuter Rail, MBTA Subway",,FALSE,"Red Line (MBTA Subway), Fitchburg Line (MBTA Commuter Rail)","Ashmont (Red Line), Braintree (Red Line)","Fitchburg Line - False, Red Line - False","Fitchburg Line - Medium (<35), Red Line (Ashmont) - Constant (>70), Red Line (Braintree) - Constant (>70)",FALSE,None,TRUE,Built,1984,,Porter
-71.118623,42.373501,1083,Harvard,"Cambridge, MA",Harvard Square,FALSE,MBTA Subway,,FALSE,Red Line (MBTA Subway),"Ashmont (Red Line), Braintree (Red Line)","Red Line (Ashmont) - False, Red Line (Braintree) - False",Constant (>70),FALSE,None,TRUE,Built,1983,,Harvard
-71.102765,42.364864,1084,Central,"Cambridge, MA",Central Square,FALSE,MBTA Subway,,FALSE,Red Line (MBTA Subway),"Ashmont (Red Line), Braintree (Red Line)","Red Line (Ashmont) - False, Red Line (Braintree) - False",Constant (>70),FALSE,None,TRUE,Built,1912,,Central
-71.085893,42.36236,1085,Kendal / MIT,"Cambridge, MA",Kendall Square,FALSE,MBTA Subway,,FALSE,Red Line (MBTA Subway),"Ashmont (Red Line), Braintree (Red Line)","Red Line (Ashmont) - False, Red Line (Braintree) - False",Constant (>70),FALSE,None,TRUE,Built,1912,,Kendal / MIT
-71.07091,42.361162,1086,Charles / MGH,"Boston, MA",West End,FALSE,MBTA Subway,,FALSE,Red Line (MBTA Subway),"Ashmont (Red Line), Braintree (Red Line)","Red Line (Ashmont) - False, Red Line (Braintree) - False",Constant (>70),FALSE,None,TRUE,Built,1932,,Charles / MGH
-71.062266,42.356255,1087,Park Street,"Boston, MA",Downtown,FALSE,MBTA Subway,,TRUE,"Green Line (MBTA Subway), Red Line (MBTA Subway)","B (Green Line), C (Green Line), D (Green Line), E (Green Line), Ashmont (Red Line), Braintree (Red Line)","Green Line (B) - False, Green Line (C) - False, Green Line (D) - False, Green Line (E) - False, Red Line (Ashmont) - False, Red Line (Braintree) - False","Green Line (B) - Constant (>70), Green Line (C) - Constant (>70), Green Line (D) - Constant (>70), Green Line (E) - Constant (>70), Red Line (Ashmont) - Constant (>70), Red Line (Braintree) - Constant (>70)",TRUE,Downtown Crossing (MBTA Subway),TRUE,Built,1897,,Park Street
-71.060496,42.355395,1088,Downtown Crossing,"Boston, MA",Downtown,FALSE,MBTA Subway,,TRUE,"Orange Line (MBTA Subway), Red Line (MBTA Subway)","Ashmont (Red Line), Braintree (Red Line)","Orange Line - False, Red Line (Ashmont) - False, Red Line (Braintree) - False","Orange Line - Constant (>70), Red Line (Ashmont) - Constant (>70), Red Line (Braintree) - Constant (>70)",FALSE,Park Street (MBTA Subway),TRUE,Built,1908,,Downtown Crossing
-71.054904,42.352418,1089,South Station (MBTA Subway),"Boston, MA",Downtown,TRUE,MBTA Subway,,FALSE,Red Line (MBTA Subway),"Ashmont (Red Line), Braintree (Red Line)","Red Line (Ashmont) - False, Red Line (Braintree) - False","Red Line (Ashmont) - Constant (>70), Red Line (Braintree) - Constant (>70)",FALSE,"South Station (Amtrak, MBTA Commuter Rail, CapeFLYER)",TRUE,Built,1916,,South Station (MBTA Subway)
-71.057167,42.342644,1090,Broadway,"Boston, MA",South Boston,FALSE,MBTA Subway,,FALSE,Red Line (MBTA Subway),"Ashmont (Red Line), Braintree (Red Line)","Red Line (Ashmont) - False, Red Line (Braintree) - False","Red Line (Ashmont) - Constant (>70), Red Line (Braintree) - Constant (>70)",FALSE,None,TRUE,Built,1917,,Broadway
-71.057084,42.329947,1091,Andrew,"Boston, MA",South Boston,FALSE,MBTA Subway,,FALSE,Red Line (MBTA Subway),"Ashmont (Red Line), Braintree (Red Line)","Red Line (Ashmont) - False, Red Line (Braintree) - False","Red Line (Ashmont) - Constant (>70), Red Line (Braintree) - Constant (>70)",FALSE,None,TRUE,Built,1918,,Andrew
-71.052388,42.320432,1092,JFK / UMass,"Boston, MA",Dorchester,TRUE,"MBTA Commuter Rail, MBTA Subway",,TRUE,"Greenbush Line (MBTA Commuter Rail), Kingston/Plymouth Line (MBTA Commuter Rail), Middleborough/Lakeville Line (MBTA Commuter Rail), Red Line (MBTA Subway)","Ashmont (Red Line), Braintree (Red Line)","Greenbust Line - True, Kingston/Plymouth Line - True, Middleborough/Lakeville Line - True, Red Line (Ashmont) - False, Red Line (Braintree) - False","Greenbush Line - Minimal (<5), Kingston/Plymouth Line - Light (<15), Middleborough/Lakeville Line - Minimal (<5), Red Line (Ashmont) - Constant (>70), Red Line (Braintree) - Constant (>70)",FALSE,None,TRUE,Built,1927,,JFK / UMass
-71.053474,42.310753,1093,Savin Hill,"Boston, MA",Dorchester,FALSE,MBTA Subway,,FALSE,Red Line (MBTA Subway),Ashmont (Red Line),FALSE,Constant (>70),FALSE,None,TRUE,Built,1927,,Savin Hill
-71.06173,42.300051,1094,Fields Corner,"Boston, MA",Dorchester,FALSE,MBTA Subway,,FALSE,Red Line (MBTA Subway),Ashmont (Red Line),FALSE,Constant (>70),FALSE,None,TRUE,Built,1927,,Fields Corner
-71.0658,42.293098,1095,Shawmut,"Boston, MA",Dorchester,FALSE,MBTA Subway,,FALSE,Red Line (MBTA Subway),Ashmont (Red Line),FALSE,Constant (>70),FALSE,None,TRUE,Built,1928,,Shawmut
-71.063171,42.283488,1096,Ashmont,"Boston, MA",Dorchester,FALSE,MBTA Subway,,TRUE,"Red Line (MBTA Subway), Mattapan Trolley (MBTA Subway)",Ashmont (Red Line),FALSE,"Red Line (Ashmont) - Constant (>70), Mattapan Trolley - Constant (>70)",TRUE,None,TRUE,Built,1928,,Ashmont
-71.060263,42.279386,1097,Cedar Grove,"Boston, MA",Dorchester,FALSE,MBTA Subway,,FALSE,Mattapan Trolley (MBTA Subway),,FALSE,Constant (>70),FALSE,None,TRUE,Built,1929,,Cedar Grove
-71.062711,42.272326,1098,Butler,"Boston, MA",Dorchester,FALSE,MBTA Subway,,FALSE,Mattapan Trolley (MBTA Subway),,FALSE,Constant (>70),FALSE,None,TRUE,Built,1931,,Butler
-71.067919,42.270331,1099,Milton,"Milton, MA",,FALSE,MBTA Subway,,FALSE,Mattapan Trolley (MBTA Subway),,FALSE,Constant (>70),FALSE,None,TRUE,Built,1848,,Milton
-71.073288,42.270064,1100,Central Avenue,"Milton, MA",,FALSE,MBTA Subway,,FALSE,Mattapan Trolley (MBTA Subway),,FALSE,Constant (>70),FALSE,None,TRUE,Built,1882,,Central Avenue
-71.081596,42.268307,1101,Valley Road,"Milton, MA",,FALSE,MBTA Subway,,FALSE,Mattapan Trolley (MBTA Subway),,FALSE,Constant (>70),FALSE,None,FALSE,Built,1929,,Valley Road
-71.087121,42.26751,1102,Capen Street,"Milton, MA",,FALSE,MBTA Subway,,FALSE,Mattapan Trolley (MBTA Subway),,FALSE,Constant (>70),FALSE,None,TRUE,Built,1929,,Capen Street
-71.092378,42.267558,1103,Mattapan,"Boston, MA",Mattapan,FALSE,MBTA Subway,,FALSE,Mattapan Trolley (MBTA Subway),,FALSE,Constant (>70),TRUE,None,TRUE,Built,1929,,Mattapan
-71.03021,42.27589,1104,North Quincy,"Quincy, MA",North Quincy,FALSE,MBTA Subway,,FALSE,Red Line (MBTA Subway),Braintree (Red Line),FALSE,Constant (>70),FALSE,None,TRUE,Built,1971,,North Quincy
-71.020339,42.266793,1105,Wollaston,"Quincy, MA",Wollaston,FALSE,MBTA Subway,,FALSE,Red Line (MBTA Subway),Braintree (Red Line),FALSE,Constant (>70),FALSE,None,FALSE,Built,1971,,Wollaston
-71.005254,42.252004,1106,Quincy Center,"Quincy, MA",Quincy Center,TRUE,"MBTA Commuter Rail, MBTA Subway",,TRUE,"Greenbush Line (MBTA Commuter Rail), Kingston/Plymouth Line (MBTA Commuter Rail), Middleborough/Lakeville Line (MBTA Commuter Rail), Red Line (MBTA Subway)",Braintree (Red Line),"Greenbush Line - False, Kingston/Plymouth Line - True, Middleborough/Lakeville Line - False, Red Line (Braintree) - False","Greenbush Line - Light (<15), Kingston/Plymouth Line - Minimal (<5), Middleborough/Lakeville Line - Light (<15), Red Line (Braintree) - Constant (>70)",FALSE,None,TRUE,Built,1971,,Quincy Center
-71.006695,42.233376,1107,Quincy Adams,"Quincy, MA",South Quincy,FALSE,MBTA Subway,,FALSE,Red Line (MBTA Subway),Braintree (Red Line),FALSE,Constant (>70),FALSE,None,TRUE,Built,1983,,Quincy Adams
-71.001722,42.207554,1108,Braintree,"Braintree, MA",,TRUE,"CapeFLYER, MBTA Commuter Rail, MBTA Subway",,TRUE,"CapeFLYER, Kingston/Plymouth Line (MBTA Commuter Rail), Red Line (MBTA Subway)",Braintree (Red Line),"CapeFLYER - True, Kingston/Plymouth Line - False, Middleborough/Lakeville Line - True, Red Line (Braintree) - False","CapeFLYER - Minimal (<5) (Weekends Only), Kingston/Plymouth Line - Light (<15), Middleborough/Lakeville Line - Light (<15), Red Line (Braintree) - Constant (>70)",TRUE,None,TRUE,Built,1980,,Braintree
-70.991704,42.413471,1109,Wonderland,"Revere, MA",,FALSE,MBTA Subway,,FALSE,Blue Line (MBTA Subway),,FALSE,Constant (>70),TRUE,None,TRUE,Built,1954,,Wonderland
-70.992642,42.407855,1110,Revere Beach,"Revere, MA",,FALSE,MBTA Subway,,FALSE,Blue Line (MBTA Subway),,FALSE,Constant (>70),FALSE,None,TRUE,Built,1954,,Revere Beach
-70.992564,42.397292,1111,Beachmont,"Revere, MA",Beachmont,FALSE,MBTA Subway,,FALSE,Blue Line (MBTA Subway),,FALSE,Constant (>70),FALSE,None,TRUE,Built,1954,,Beachmont
-70.997174,42.390483,1112,Suffolk Downs,"Boston, MA",East Boston,FALSE,MBTA Subway,,FALSE,Blue Line (MBTA Subway),,FALSE,Constant (>70),FALSE,None,TRUE,Built,1952,,Suffolk Downs
-71.004799,42.38683,1113,Orient Heights,"Boston, MA",East Boston,FALSE,MBTA Subway,,FALSE,Blue Line (MBTA Subway),,FALSE,Constant (>70),FALSE,None,TRUE,Built,1952,,Orient Heights
-71.02286,42.379699,1114,Wood Island,"Boston, MA",East Boston,FALSE,MBTA Subway,,FALSE,Blue Line (MBTA Subway),,FALSE,Constant (>70),FALSE,None,TRUE,Built,1952,,Wood Island
-71.030362,42.374297,1115,Airport,"Boston, MA",East Boston,FALSE,MBTA Subway,,FALSE,Blue Line (MBTA Subway),,FALSE,Constant (>70),FALSE,None,TRUE,Built,2004,,Airport
-71.039618,42.36906,1116,Maverick,"Boston, MA",East Boston,FALSE,MBTA Subway,,FALSE,Blue Line (MBTA Subway),,FALSE,Constant (>70),FALSE,None,TRUE,Built,1924,,Maverick
-71.051536,42.359645,1117,Aquarium,"Boston, MA",Downtown,FALSE,MBTA Subway,,FALSE,Blue Line (MBTA Subway),,FALSE,Constant (>70),FALSE,None,TRUE,Built,1906,,Aquarium
-71.057736,42.358787,1118,State Street,"Boston, MA",Downtown,FALSE,MBTA Subway,,TRUE,"Blue Line (MBTA Subway), Orange Line (MBTA Subway)",,"Blue Line - False, Orange Line - False","Blue Line - Constant (>70), Orange Line - Constant (>70)",FALSE,None,TRUE,Built,1904,,State Street
-71.059424,42.359349,1119,Government Center,"Boston, MA",Downtown,FALSE,MBTA Subway,,TRUE,"Blue Line (MBTA Subway), Green Line (MBTA Subway)","C (Green Line), D (Green Line), E (Green Line)","Green Line (C) - False, Green Line (D) - False Green Line (E) - False, Blue Line - False","Blue Line - Constant (>70), Green Line (C) - Constant (>70), Green Line (D) - Constant (>70), Green Line (E) - Constant (>70)",TRUE,None,TRUE,Built,1898,,Government Center
-71.062123,42.361376,1120,Bowdoin,"Boston, MA",Beacon Hill,FALSE,MBTA Subway,,FALSE,Blue Line (MBTA Subway),,FALSE,Constant (>70),TRUE,None,TRUE,Built,1916,,Bowdoin
-71.070998,42.437265,1121,Oak Grove,"Malden, MA",,FALSE,MBTA Subway,,FALSE,Orange Line (MBTA Subway),,FALSE,Constant (>70),TRUE,None,TRUE,Built,1977,,Oak Grove
-71.074364,42.426624,1122,Malden Center,"Malden, MA",,TRUE,"MBTA Commuter Rail, MBTA Subway",,FALSE,"Haverhill Line (MBTA Commuter Rail), Orange Line (MBTA Subway)",Main Line (Haverhill Line),"Haverhill Line (Main Line) - False, Orange Line - False","Haverhill Line (Main Line) - Medium (<35), Orange Line - Constant (>70)",FALSE,None,TRUE,Built,1975,,Malden Center
-71.077167,42.401634,1123,Wellington,"Medford, MA",,FALSE,MBTA Subway,,FALSE,Orange Line (MBTA Subway),,FALSE,Constant (>70),FALSE,None,TRUE,Built,1975,,Wellington
-71.077277,42.392653,1124,Assembly,"Somerville, MA",Assembly Square,FALSE,MBTA Subway,,FALSE,Orange Line (MBTA Subway),,FALSE,Constant (>70),FALSE,None,TRUE,Built,2014,,Assembly
-71.077069,42.384163,1125,Sullivan Square,"Boston, MA",Charleston,FALSE,MBTA Subway,,FALSE,Orange Line (MBTA Subway),,FALSE,Constant (>70),FALSE,None,TRUE,Built,1975,,Sullivan Square
-71.069801,42.373615,1126,Community College,"Boston, MA",Charleston,FALSE,MBTA Subway,,FALSE,Orange Line (MBTA Subway),,FALSE,Constant (>70),FALSE,None,TRUE,Built,1975,,Community College
-71.0601,42.365303,1127,North Station (MBTA Subway),"Boston, MA",West End,TRUE,MBTA Subway,,TRUE,"Green Line (MBTA Subway), Orange Line (MBTA Subway)","C (Green Line), E (Green Line)","Green Line (C) - False, Green Line (E) - False, Orange Line - False","Green Line (C) - Constant (>70), Green Line (E) - Constant (>70), Orange Line - Constant (>70)",TRUE,"North Station (Amtrak, MBTA Commuter Rail)",TRUE,Built,1975,,North Station (MBTA Subway)
-71.057723,42.36217,1128,Haymarket,"Boston, MA",Downtown,FALSE,MBTA Subway,,TRUE,"Green Line (MBTA Subway), Orange Line (MBTA Subway)","C (Green Line), E (Green Line)","Green Line (C) - False, Green Line (E) - False, Orange Line - False","Green Line (C) - Constant (>70), Green Line (E) - Constant (>70), Orange Line - Constant (>70)",FALSE,None,TRUE,Built,1908,,Haymarket
-71.06273,42.352239,1129,Chinatown,"Boston, MA",Chinatown,FALSE,MBTA Subway,,FALSE,Orange Line (MBTA Subway),,FALSE,Constant (>70),FALSE,None,TRUE,Built,1908,,Chinatown
-71.064104,42.349432,1130,Tufts Medical Center,"Boston, MA",Chinatown,FALSE,MBTA Subway,,FALSE,Orange Line (MBTA Subway),,FALSE,Constant (>70),FALSE,None,TRUE,Built,1987,,Tufts Medical Center
-71.075094,42.347488,1131,Back Bay,"Boston, MA",Back Bay,TRUE,"Amtrak, MBTA Commuter Rail, MBTA Subway",,TRUE,"Acela Express (Amtrak), Lake Shore Limited (Amtrak), Northeast Regional (Amtrak), Franklin Line (MBTA Commuter Rail), Framingham/Worcester Line (MBTA Commuter Rail), Needham Line (MBTA Commuter Rail), Providence/Stoughton Line (MBTA Commuter Rail), Orange Line (MBTA Subway)","Boston Branch (Northeast Regional), Providence Branch (Providence/Stoughton Line), Stoughton Branch (Providence/Stoughton Line), Boston Service (Lake Shore Limited)","Acela Express - False, Lake Shore Limited - True, Northeast Regional (Boston Branch) - False, Franklin Line - False, Framingham/Worcester Line - False, Needham Line - False, Providence/Stoughton Line (Providence Branch) - False, Providence/Stoughton Line (Stoughton Branch) - False, Orange Line - FALSE","Acela Express - Light (<15), Lake Shore Limited - Minimal (<5), Northeast Regional (Boston Branch) - Light (<15), Franklin Line - Medium (<35), Framingham/Worcester Line - Medium (<35), Needham Line - Medium (<35), Providence/Stoughton Line (Providence Branch) - Medium (<35), Providence/Stoughton Line (Stoughton Branch) - Light (<15), Orange Line - Constant (>70)",FALSE,None,TRUE,Built,1987,,Back Bay
-71.083605,42.34148,1132,Massachusetts Avenue,"Boston, MA",Fenway-Kenmore,FALSE,MBTA Subway,,FALSE,Orange Line (MBTA Subway),,FALSE,Constant (>70),FALSE,None,TRUE,Built,1987,,Massachusetts Avenue
-71.08937,42.336726,1133,Ruggles,"Boston, MA",Roxbury Crossing,TRUE,"MBTA Commuter Rail, MBTA Subway",,TRUE,"Franklin Line (MBTA Commuter Rail), Needham Line (MBTA Commuter Rail), Providence/Stoughton Line (MBTA Commuter Rail), Orange Line (MBTA Subway)","Providence Branch (Providence/Stoughton Line), Stoughton Branch (Providence/Stoughton Line)","Franklin Line - False, Needham Line - False, Providence/Stoughton Line (Providence Branch) - True, Providence/Stoughton Line (Stoughton Branch) - True, Orange Line - FALSE","Franklin Line - Light (<15), Needham Line - Light (<15), Providence/Stoughton Line (Providence Branch) - Light (<15), Providence/Stoughton Line (Stoughton Branch) - Light (<15), Orange Line - Constant (>70)",FALSE,None,TRUE,Built,1987,,Ruggles
-71.095641,42.331266,1134,Roxbury Crossing,"Boston, MA",Roxbury Crossing,FALSE,MBTA Subway,,FALSE,Orange Line (MBTA Subway),,FALSE,Constant (>70),FALSE,None,TRUE,Built,1987,,Roxbury Crossing
-71.100308,42.322596,1135,Jackson Square,"Boston, MA",Jamaica Plain,FALSE,MBTA Subway,,FALSE,Orange Line (MBTA Subway),,FALSE,Constant (>70),FALSE,None,TRUE,Built,1987,,Jackson Square
-71.104468,42.317223,1136,Stony Brook,"Boston, MA",Jamaica Plain,FALSE,MBTA Subway,,FALSE,Orange Line (MBTA Subway),,FALSE,Constant (>70),FALSE,None,TRUE,Built,1987,,Stony Brook
-71.107647,42.310474,1137,Green Street,"Boston, MA",Jamaica Plain,FALSE,MBTA Subway,,FALSE,Orange Line (MBTA Subway),,FALSE,Constant (>70),FALSE,None,TRUE,Built,1987,,Green Street
-71.114189,42.300642,1138,Forest Hills,"Boston, MA",Jamaica Plain,TRUE,"MBTA Commuter Rail, MBTA Subway",,FALSE,"Needham Line (MBTA Commuter Rail), Orange Line (MBTA Subway)",,"Needham Line - False, Orange Line - False","Needham Line - Light (<15), Orange Line - Constant (>70)",TRUE,None,TRUE,Built,1987,,Forest Hills
-71.077224,42.371068,1139,Lechmere,"Cambridge, MA",Lechmere Square,FALSE,MBTA Subway,,FALSE,Green Line (MBTA Subway),E (Green Line),FALSE,Constant (>70),TRUE,None,TRUE,Built,1922,,Lechmere
-71.067645,42.36664,1140,Science Park,"Boston, MA",West End,FALSE,MBTA Subway,,FALSE,Green Line (MBTA Subway),E (Green Line),FALSE,Constant (>70),FALSE,None,TRUE,Built,1955,,Science Park
-71.064679,42.352773,1141,Boylston,"Boston, MA",Downtown,FALSE,MBTA Subway,,FALSE,Green Line (MBTA Subway),"B (Green Line), C (Green Line), D (Green Line), E (Green Line)","Green Line (B) - False, Green Line (C) - False, Green Line (D) - False, Green Line (E) - False","Green Line (B) - Constant (>70), Green Line (C) - Constant (>70), Green Line (D) - Constant (>70), Green Line (E) - Constant (>70)",FALSE,None,FALSE,Built,1897,,Boylston
-71.07093,42.351816,1142,Arlington,"Boston, MA",Back Bay,FALSE,MBTA Subway,,FALSE,Green Line (MBTA Subway),"B (Green Line), C (Green Line), D (Green Line), E (Green Line)","Green Line (B) - False, Green Line (C) - False, Green Line (D) - False, Green Line (E) - False","Green Line (B) - Constant (>70), Green Line (C) - Constant (>70), Green Line (D) - Constant (>70), Green Line (E) - Constant (>70)",FALSE,None,TRUE,Built,1921,,Arlington
-71.077511,42.350025,1143,Copley,"Boston, MA",Back Bay,FALSE,MBTA Subway,,FALSE,Green Line (MBTA Subway),"B (Green Line), C (Green Line), D (Green Line), E (Green Line)","Green Line (B) - False, Green Line (C) - False, Green Line (D) - False, Green Line (E) - False","Green Line (B) - Constant (>70), Green Line (C) - Constant (>70), Green Line (D) - Constant (>70), Green Line (E) - Constant (>70)",FALSE,None,TRUE,Built,1914,,Copley
-71.087981,42.348042,1144,Hynes Convention Center,"Boston, MA",Back Bay,FALSE,MBTA Subway,,FALSE,Green Line (MBTA Subway),"B (Green Line), C (Green Line), D (Green Line)","Green Line (B) - False, Green Line (C) - False, Green Line (D) - False","Green Line (B) - Constant (>70), Green Line (C) - Constant (>70), Green Line (D) - Constant (>70)",FALSE,None,FALSE,Built,1914,,Hynes Convention Center
-71.096052,42.348925,1145,Kenmore,"Boston, MA",Fenway-Kenmore,FALSE,MBTA Subway,,FALSE,Green Line (MBTA Subway),"B (Green Line), C (Green Line), D (Green Line)","Green Line (B) - False, Green Line (C) - False, Green Line (D) - False","Green Line (B) - Constant (>70), Green Line (C) - Constant (>70), Green Line (D) - Constant (>70)",FALSE,None,TRUE,Built,1932,,Kenmore
-71.100058,42.349224,1146,Blandford Street,"Boston, MA",Fenway-Kenmore,FALSE,MBTA Subway,,FALSE,Green Line (MBTA Subway),B (Green Line),FALSE,Constant (>70),FALSE,None,TRUE,Built,1896,,Blandford Street
-71.104297,42.349735,1147,Boston University East,"Boston, MA",Fenway-Kenmore,FALSE,MBTA Subway,,FALSE,Green Line (MBTA Subway),B (Green Line),FALSE,Constant (>70),FALSE,None,TRUE,Built,1894,,Boston University East
-71.107221,42.350087,1148,Boston University Central,"Boston, MA",Fenway-Kenmore,FALSE,MBTA Subway,,FALSE,Green Line (MBTA Subway),B (Green Line),FALSE,Constant (>70),FALSE,None,TRUE,Built,1894,,Boston University Central
-71.1134,42.350832,1149,Boston University West,"Boston, MA",Fenway-Kenmore,FALSE,MBTA Subway,,FALSE,Green Line (MBTA Subway),B (Green Line),FALSE,Constant (>70),FALSE,None,FALSE,Built,,,Boston University West
-71.116276,42.351178,1150,St. Paul Street,"Boston, MA",Fenway-Kenmore,FALSE,MBTA Subway,,FALSE,Green Line (MBTA Subway),B (Green Line),FALSE,Constant (>70),FALSE,None,FALSE,Built,,,St. Paul Street
-71.118981,42.351504,1151,Pleasant Street,"Boston, MA",Fenway-Kenmore,FALSE,MBTA Subway,,FALSE,Green Line (MBTA Subway),B (Green Line),FALSE,Constant (>70),FALSE,None,FALSE,Built,,,Pleasant Street
-71.121883,42.351846,1152,Babcock Street,"Boston, MA",Fenway-Kenmore,FALSE,MBTA Subway,,FALSE,Green Line (MBTA Subway),B (Green Line),FALSE,Constant (>70),FALSE,None,FALSE,Built,,,Babcock Street
-71.125471,42.351674,1153,Packards Corner,"Boston, MA",Allston,FALSE,MBTA Subway,,FALSE,Green Line (MBTA Subway),B (Green Line),FALSE,Constant (>70),FALSE,None,FALSE,Built,,,Packards Corner
-71.131398,42.350222,1154,Harvard Avenue,"Boston, MA",Allston,FALSE,MBTA Subway,,FALSE,Green Line (MBTA Subway),B (Green Line),FALSE,Constant (>70),FALSE,None,TRUE,Built,,,Harvard Avenue
-71.13467,42.348678,1155,Griggs Street,"Boston, MA",Allston,FALSE,MBTA Subway,,FALSE,Green Line (MBTA Subway),B (Green Line),FALSE,Constant (>70),FALSE,None,FALSE,Built,1900,,Griggs Street
-71.138006,42.34869,1156,Allston Street,"Boston, MA",Allston,FALSE,MBTA Subway,,FALSE,Green Line (MBTA Subway),B (Green Line),FALSE,Constant (>70),FALSE,None,FALSE,Built,1900,,Allston Street
-71.140487,42.348351,1157,Warren Street,"Boston, MA",Brighton,FALSE,MBTA Subway,,FALSE,Green Line (MBTA Subway),B (Green Line),FALSE,Constant (>70),FALSE,None,FALSE,Built,1900,,Warren Street
-71.14267,42.343996,1158,Washington Street,"Boston, MA",Brighton,FALSE,MBTA Subway,,FALSE,Green Line (MBTA Subway),B (Green Line),FALSE,Constant (>70),FALSE,None,TRUE,Built,1926,,Washington Street
-71.146259,42.341593,1159,Sutherland Road,"Boston, MA",Brighton,FALSE,MBTA Subway,,FALSE,Green Line (MBTA Subway),B (Green Line),FALSE,Constant (>70),FALSE,None,FALSE,Built,,,Sutherland Road
-71.151109,42.34058,1160,Chiswick Road,"Boston, MA",Brighton,FALSE,MBTA Subway,,FALSE,Green Line (MBTA Subway),B (Green Line),FALSE,Constant (>70),FALSE,None,FALSE,Built,,,Chiswick Road
-71.15306,42.338228,1161,Chestnut Hill Avenue,"Boston, MA",Brighton,FALSE,MBTA Subway,,FALSE,Green Line (MBTA Subway),B (Green Line),FALSE,Constant (>70),FALSE,None,FALSE,Built,,,Chestnut Hill Avenue
-71.157256,42.339462,1162,South Street,"Boston, MA",Brighton,FALSE,MBTA Subway,,FALSE,Green Line (MBTA Subway),B (Green Line),FALSE,Constant (>70),FALSE,None,FALSE,Built,,,South Street
-71.16699,42.340215,1163,Boston College,"Boston, MA",Brighton,FALSE,MBTA Subway,,FALSE,Green Line (MBTA Subway),B (Green Line),FALSE,Constant (>70),TRUE,None,TRUE,Built,1896,,Boston College
-71.107422,42.345973,1164,St. Marys Street,"Brookline, MA",,FALSE,MBTA Subway,,FALSE,Green Line (MBTA Subway),C (Green Line),FALSE,Constant (>70),FALSE,None,TRUE,Built,,,St. Marys Street
-71.111486,42.344839,1165,Hawes Street,"Brookline, MA",,FALSE,MBTA Subway,,FALSE,Green Line (MBTA Subway),C (Green Line),FALSE,Constant (>70),FALSE,None,FALSE,Built,,,Hawes Street
-71.114345,42.34404,1166,Kent Street,"Brookline, MA",,FALSE,MBTA Subway,,FALSE,Green Line (MBTA Subway),C (Green Line),FALSE,Constant (>70),FALSE,None,FALSE,Built,,,Kent Street
-71.117244,42.343231,1167,St. Paul Street,"Brookline, MA",,FALSE,MBTA Subway,,FALSE,Green Line (MBTA Subway),C (Green Line),FALSE,Constant (>70),FALSE,None,FALSE,Built,,,St. Paul Street
-71.12131,42.342165,1168,Coolidge Corner,"Brookline, MA",Coolidge Corner,FALSE,MBTA Subway,,FALSE,Green Line (MBTA Subway),C (Green Line),FALSE,Constant (>70),FALSE,None,TRUE,Built,,,Coolidge Corner
-71.125874,42.341022,1169,Summit Avenue,"Brookline, MA",,FALSE,MBTA Subway,,FALSE,Green Line (MBTA Subway),C (Green Line),FALSE,Constant (>70),FALSE,None,FALSE,Built,,,Summit Avenue
-71.128917,42.339999,1170,Brandon Hall,"Brookline, MA",,FALSE,MBTA Subway,,FALSE,Green Line (MBTA Subway),C (Green Line),FALSE,Constant (>70),FALSE,None,FALSE,Built,,,Brandon Hall
-71.131346,42.339653,1171,Fairbanks Street,"Brookline, MA",,FALSE,MBTA Subway,,FALSE,Green Line (MBTA Subway),C (Green Line),FALSE,Constant (>70),FALSE,None,FALSE,Built,,,Fairbanks Street
-71.13499,42.339485,1172,Washington Square,"Brookline, MA",,FALSE,MBTA Subway,,FALSE,Green Line (MBTA Subway),C (Green Line),FALSE,Constant (>70),FALSE,None,TRUE,Built,,,Washington Square
-71.138542,42.338561,1173,Tappan Street,"Brookline, MA",,FALSE,MBTA Subway,,FALSE,Green Line (MBTA Subway),C (Green Line),FALSE,Constant (>70),FALSE,None,FALSE,Built,1980s,,Tappan Street
-71.142007,42.337796,1174,Dean Road,"Brookline, MA",,FALSE,MBTA Subway,,FALSE,Green Line (MBTA Subway),C (Green Line),FALSE,Constant (>70),FALSE,None,FALSE,Built,,,Dean Road
-71.145679,42.336985,1175,Englewood Avenue,"Brookline, MA",,FALSE,MBTA Subway,,FALSE,Green Line (MBTA Subway),C (Green Line),FALSE,Constant (>70),FALSE,None,FALSE,Built,,,Englewood Avenue
-71.14913,42.336223,1176,Cleveland Circle,"Boston, MA",Brighton,FALSE,MBTA Subway,,FALSE,Green Line (MBTA Subway),C (Green Line),FALSE,Constant (>70),TRUE,None,TRUE,Built,1889,,Cleveland Circle
-71.104486,42.345156,1177,Fenway,"Boston, MA",Fenway-Kenmore,FALSE,MBTA Subway,,FALSE,Green Line (MBTA Subway),D (Green Line),FALSE,Constant (>70),FALSE,None,TRUE,Built,1959,,Fenway
-71.10996,42.341623,1178,Longwood,"Brookline, MA",,FALSE,MBTA Subway,,FALSE,Green Line (MBTA Subway),D (Green Line),FALSE,Constant (>70),FALSE,None,TRUE,Built,1959,,Longwood
-71.11697,42.332595,1179,Brookline Village,"Brookline, MA",,FALSE,MBTA Subway,,FALSE,Green Line (MBTA Subway),D (Green Line),FALSE,Constant (>70),FALSE,None,TRUE,Built,1959,,Brookline Village
-71.126397,42.331329,1180,Brookline Hills,"Brookline, MA",,FALSE,MBTA Subway,,FALSE,Green Line (MBTA Subway),D (Green Line),FALSE,Constant (>70),FALSE,None,TRUE,Built,1959,,Brookline Hills
-71.14044,42.335748,1181,Beaconsfield,"Brookline, MA",,FALSE,MBTA Subway,,FALSE,Green Line (MBTA Subway),D (Green Line),FALSE,Constant (>70),FALSE,None,FALSE,Built,1959,,Beaconsfield
-71.148299,42.335125,1182,Reservoir,"Boston, MA",Brighton,FALSE,MBTA Subway,,FALSE,Green Line (MBTA Subway),D (Green Line),FALSE,Constant (>70),FALSE,None,TRUE,Built,1959,,Reservoir
-71.164633,42.326788,1183,Chestnut Hill,"Newton, MA",Chestnut Hill,FALSE,MBTA Subway,,FALSE,Green Line (MBTA Subway),D (Green Line),FALSE,Constant (>70),FALSE,None,FALSE,Built,1959,,Chestnut Hill
-71.192192,42.329518,1184,Newton Centre,"Newton, MA",Newton Centre,FALSE,MBTA Subway,,FALSE,Green Line (MBTA Subway),D (Green Line),FALSE,Constant (>70),FALSE,None,TRUE,Built,1959,,Newton Centre
-71.205504,42.322352,1185,Newton Highlands,"Newton, MA",Newton Highlands,FALSE,MBTA Subway,,FALSE,Green Line (MBTA Subway),D (Green Line),FALSE,Constant (>70),FALSE,None,FALSE,Built,1959,,Newton Highlands
-71.216553,42.318963,1186,Eliot,"Newton, MA",Newton Upper Falls,FALSE,MBTA Subway,,FALSE,Green Line (MBTA Subway),D (Green Line),FALSE,Constant (>70),FALSE,None,FALSE,Built,1959,,Eliot
-71.230466,42.325792,1187,Waban,"Newton, MA",Waban,FALSE,MBTA Subway,,FALSE,Green Line (MBTA Subway),D (Green Line),FALSE,Constant (>70),FALSE,None,FALSE,Built,1959,,Waban
-71.243491,42.332922,1188,Woodland,"Newton, MA",Newton Lower Falls,FALSE,MBTA Subway,,FALSE,Green Line (MBTA Subway),D (Green Line),FALSE,Constant (>70),FALSE,None,TRUE,Built,1959,,Woodland
-71.252429,42.337483,1189,Riverside,"Newton, MA",Auburndale,FALSE,MBTA Subway,,FALSE,Green Line (MBTA Subway),D (Green Line),FALSE,Constant (>70),TRUE,None,TRUE,Built,1959,,Riverside
-71.081307,42.345581,1190,Prudential,"Boston, MA",Back Bay,FALSE,MBTA Subway,,FALSE,Green Line (MBTA Subway),E (Green Line),FALSE,Constant (>70),FALSE,None,TRUE,Built,1941,,Prudential
-71.084916,42.342769,1191,Symphony,"Boston, MA",Fenway-Kenmore,FALSE,MBTA Subway,,FALSE,Green Line (MBTA Subway),E (Green Line),FALSE,Constant (>70),FALSE,None,FALSE,Built,1941,,Symphony
-71.089838,42.339985,1192,Northeastern,"Boston, MA",Fenway-Kenmore,FALSE,MBTA Subway,,FALSE,Green Line (MBTA Subway),E (Green Line),FALSE,Constant (>70),FALSE,None,TRUE,Built,1941,,Northeastern
-71.095069,42.3379,1193,Museum of Fine Arts,"Boston, MA",Fenway-Kenmore,FALSE,MBTA Subway,,FALSE,Green Line (MBTA Subway),E (Green Line),FALSE,Constant (>70),FALSE,None,TRUE,Built,1941,,Museum of Fine Arts
-71.099527,42.336122,1194,Longwood,"Boston, MA",Mission Hill,FALSE,MBTA Subway,,FALSE,Green Line (MBTA Subway),E (Green Line),FALSE,Constant (>70),FALSE,None,TRUE,Built,,,Longwood
-71.104438,42.334306,1195,Brigham Circle,"Boston, MA",Mission Hill,FALSE,MBTA Subway,,FALSE,Green Line (MBTA Subway),E (Green Line),FALSE,Constant (>70),FALSE,None,TRUE,Built,,,Brigham Circle
-71.105975,42.333582,1196,Fenwood Road,"Boston, MA",Mission Hill,FALSE,MBTA Subway,,FALSE,Green Line (MBTA Subway),E (Green Line),FALSE,Constant (>70),FALSE,None,FALSE,Built,,,Fenwood Road
-71.109514,42.333161,1197,Mission Park,"Boston, MA",Mission Hill,FALSE,MBTA Subway,,FALSE,Green Line (MBTA Subway),E (Green Line),FALSE,Constant (>70),FALSE,None,FALSE,Built,,,Mission Park
-71.111962,42.331608,1198,Riverway,"Boston, MA",Mission Hill,FALSE,MBTA Subway,,FALSE,Green Line (MBTA Subway),E (Green Line),FALSE,Constant (>70),FALSE,None,FALSE,Built,,,Riverway
-71.111005,42.329324,1199,Back of the Hill,"Boston, MA",Mission Hill,FALSE,MBTA Subway,,FALSE,Green Line (MBTA Subway),E (Green Line),FALSE,Constant (>70),FALSE,None,FALSE,Built,,,Back of the Hill
-71.110317,42.328242,1200,Heath Street,"Boston, MA",Jamaica Plain,FALSE,MBTA Subway,,FALSE,Green Line (MBTA Subway),E (Green Line),FALSE,Constant (>70),TRUE,None,TRUE,Built,1970s,,Heath Street
-71.076674,42.371545,1201,Lechmere (Planned),"Cambridge, MA",Northpoint,FALSE,MBTA Subway,,FALSE,Green Line (MBTA Subway),"D (Green Line), E (Green Line)",,,FALSE,None,,Under Construction,,,Lechmere (Planned)
-71.096039,42.37806,1202,Union Square (Planned),"Somerville, MA",Ward Two,FALSE,MBTA Subway,,FALSE,Green Line (MBTA Subway),E (Green Line),,,FALSE,None,,Under Construction,,,Union Square (Planned)
-71.088124,42.380877,1203,East Somerville (Planned),"Somerville, MA",East Somerville,FALSE,MBTA Subway,,FALSE,Green Line (MBTA Subway),D (Green Line),,,FALSE,None,,Under Construction,,,East Somerville (Planned)
-71.095125,42.387139,1204,Gilman Square (Planned),"Somerville, MA",Winter Hill,FALSE,MBTA Subway,,FALSE,Green Line (MBTA Subway),D (Green Line),,,FALSE,None,,Planned,,,Gilman Square (Planned)
-71.105942,42.393143,1205,Magoun Square (Planned),"Somerville, MA",Magoun Square,FALSE,MBTA Subway,,FALSE,Green Line (MBTA Subway),D (Green Line),,,FALSE,None,,Planned,,,Magoun Square (Planned)
-71.110838,42.39945,1206,Ball Square (Planned),"Somerville, MA",Powder House Square,FALSE,MBTA Subway,,FALSE,Green Line (MBTA Subway),D (Green Line),,,FALSE,None,,Planned,,,Ball Square (Planned)
-71.116519,42.407146,1207,College Avenue (Planned),"Medford, MA",South Medford,FALSE,MBTA Subway,,FALSE,Green Line (MBTA Subway),D (Green Line),,,FALSE,None,,Planned,,,College Avenue (Planned)
-71.063093,42.366874,1226,North Station,"Boston, MA",Downtown,TRUE,"Amtrak, MBTA Commuter Rail",,TRUE,"Downeaster (Amtrak), Fitchburg Line (MBTA Commuter Rail), Haverhill Line (MBTA Commuter Rail), Lowell Line (MBTA Commuter Rail), Newburyport/Rockport Line (MBTA Commuter Rail)","Main Line (Haverhill Line), Wildcat Branch (Haverhill Line), Newburyport Branch (Newburyport/Rockport Line), Rockport Branch (Newburyport/Rockport Line)","Downeaster - True, Fitchburg Line - False, Haverhill Line (Main Line) - False, Haverhill Line (Wildcat Branch) - True, Lowell Line - False, Newburyport/Rockport Line (Newburyport Branch) - False, Newburyport/Rockport Line (Rockport Branch) - False","Downeaster - Light (<15), Ftichburg Line - Medium (<35), Haverhill Line (Main Line) - Medium (<35), Haverhill Line (Wildcat Branch) - Minimal (<5), Lowell Line - Medium (<35), Newburyport/Rockport Line (Newburyport Branch) - Medium (<35), Newburyport/Rockport Line (Rockport Branch) - Medium (<35)",TRUE,North Station (MBTA Subway),TRUE,Built,1995,,North Station
-71.176246,42.395982,1227,Belmont,"Belmont, MA",,FALSE,MBTA Commuter Rail,,FALSE,Fitchburg Line (MBTA Commuter Rail),,FALSE,Medium (<35),FALSE,None,FALSE,Built,1852,,Belmont
-71.190833,42.387595,1228,Waverley,"Belmont, MA",,FALSE,MBTA Commuter Rail,,FALSE,Fitchburg Line (MBTA Commuter Rail),,FALSE,Light (<15),FALSE,None,FALSE,Built,1860,,Waverley
-71.236052,42.374208,1229,Waltham,"Waltham, MA",,FALSE,MBTA Commuter Rail,,FALSE,Fitchburg Line (MBTA Commuter Rail),,FALSE,Medium (<35),FALSE,None,TRUE,Built,,,Waltham
-71.260295,42.361843,1230,Brandeis / Roberts,"Waltham, MA",,FALSE,MBTA Commuter Rail,,FALSE,Fitchburg Line (MBTA Commuter Rail),,FALSE,Medium (<35),FALSE,None,TRUE,Built,,,Brandeis / Roberts
-71.282424,42.378988,1231,Kendal Green,"Weston, MA",,FALSE,MBTA Commuter Rail,,FALSE,Fitchburg Line (MBTA Commuter Rail),,FALSE,Medium (<35),FALSE,None,FALSE,Built,,,Kendal Green
-71.289151,42.385752,1232,Hastings,"Weston, MA",,FALSE,MBTA Commuter Rail,,FALSE,Fitchburg Line (MBTA Commuter Rail),,TRUE,Minimal (<5),FALSE,None,FALSE,Built,,,Hastings
-71.302266,42.395676,1233,Silver Hill,"Weston, MA",,FALSE,MBTA Commuter Rail,,FALSE,Fitchburg Line (MBTA Commuter Rail),,TRUE,Minimal (<5),FALSE,None,FALSE,Built,1844,,Silver Hill
-71.325597,42.413714,1234,Lincoln,"Lincoln, MA",,FALSE,MBTA Commuter Rail,,FALSE,Fitchburg Line (MBTA Commuter Rail),,FALSE,Medium (<35),FALSE,None,FALSE,Built,,,Lincoln
-71.357672,42.456611,1235,Concord,"Concord, MA",,FALSE,MBTA Commuter Rail,,FALSE,Fitchburg Line (MBTA Commuter Rail),,FALSE,Medium (<35),FALSE,None,FALSE,Built,1844,,Concord
-71.393084,42.456951,1236,West Concord,"Concord, MA",,FALSE,MBTA Commuter Rail,,FALSE,Fitchburg Line (MBTA Commuter Rail),,FALSE,Medium (<35),FALSE,None,TRUE,Built,1871,,West Concord
-71.457642,42.460321,1237,South Acton,"Acton, MA",,FALSE,MBTA Commuter Rail,,FALSE,Fitchburg Line (MBTA Commuter Rail),,FALSE,Medium (<35),FALSE,None,TRUE,Built,1844,,South Acton
-71.502981,42.520356,1238,Littleton / Rte 495,"Littleton, MA",,FALSE,MBTA Commuter Rail,,FALSE,Fitchburg Line (MBTA Commuter Rail),,FALSE,Medium (<35),TRUE,None,TRUE,Built,1980,,Littleton / Rte 495
-71.588526,42.559079,1239,Ayer,"Ayer, MA",,FALSE,MBTA Commuter Rail,,FALSE,Fitchburg Line (MBTA Commuter Rail),,FALSE,Medium (<35),FALSE,None,FALSE,Built,1845,,Ayer
-71.648243,42.545131,1240,Shirley,"Shirley, MA",,FALSE,MBTA Commuter Rail,,FALSE,Fitchburg Line (MBTA Commuter Rail),,FALSE,Medium (<35),FALSE,None,FALSE,Built,1844,,Shirley
-71.739539,42.539598,1241,North Leominster,"Leominster, MA",,FALSE,MBTA Commuter Rail,,FALSE,Fitchburg Line (MBTA Commuter Rail),,FALSE,Medium (<35),FALSE,None,TRUE,Built,1980,,North Leominster
-71.792634,42.580649,1242,Fitchburg,"Fitchburg, MA",,FALSE,MBTA Commuter Rail,,FALSE,Fitchburg Line (MBTA Commuter Rail),,FALSE,Medium (<35),FALSE,None,TRUE,Built,1980,,Fitchburg
-71.849137,42.553502,1243,Wachusett,"Fitchburg, MA",,FALSE,MBTA Commuter Rail,,FALSE,Fitchburg Line (MBTA Commuter Rail),,FALSE,Medium (<35),TRUE,None,TRUE,Built,2016,,Wachusett
-71.133422,42.4217,1244,West Medford,"Medford, MA",,FALSE,MBTA Commuter Rail,,TRUE,"Haverhill Line (MBTA Commuter Rail), Lowell Line (MBTA Commuter Rail)",Wildcat Branch (Haverhill Line),"Lowell Line - False, Haverhill Line (Wildcat Branch) - True","Lowell Line - Medium (<35), Haverhill Line (Wildcat Branch) - Minimal (<5)",FALSE,None,FALSE,Built,1880,,West Medford
-71.140476,42.444475,1245,Wedgemere,"Winchester, MA",,FALSE,MBTA Commuter Rail,,TRUE,"Haverhill Line (MBTA Commuter Rail), Lowell Line (MBTA Commuter Rail)",Wildcat Branch (Haverhill Line),"Lowell Line - False, Haverhill Line (Wildcat Branch) - True","Lowell Line - Medium (<35), Haverhill Line (Wildcat Branch) - Minimal (<5)",FALSE,None,TRUE,Built,1850s,,Wedgemere
-71.137626,42.452047,1246,Winchester Center,"Winchester, MA",,FALSE,MBTA Commuter Rail,,TRUE,"Haverhill Line (MBTA Commuter Rail), Lowell Line (MBTA Commuter Rail)",Wildcat Branch (Haverhill Line),"Lowell Line - False, Haverhill Line (Wildcat Branch) - True","Lowell Line - Medium (<35), Haverhill Line (Wildcat Branch) - Minimal (<5)",FALSE,None,FALSE,Built,1840,,Winchester Center
-71.137131,42.502983,1247,Mishawum,"Woburn, MA",,FALSE,MBTA Commuter Rail,,FALSE,Lowell Line (MBTA Commuter Rail),,TRUE,Minimal (<5),FALSE,None,FALSE,Built,1984,,Mishawum
-71.144772,42.517223,1248,Anderson / Woburn,"Woburn, MA",,FALSE,"Amtrak, MBTA Commuter Rail",,TRUE,"Downeaster (Amtrak), Haverhill Line (MBTA Commuter Rail), Lowell Line (MBTA Commuter Rail)",Wildcat Branch (Haverhill Line),"Downeaster - True, Lowell Line - False, Haverhill Line (Wildcat Branch) - True","Downeaster - Light (<15), Lowell Line - Medium (<35), Haverhill Line (Wildcat Branch) - Minimal (<5)",FALSE,None,TRUE,Built,2001,,Anderson / Woburn
-71.174529,42.546723,1249,Wilmington,"Wilmington, MA",,FALSE,MBTA Commuter Rail,,TRUE,"Haverhill Line (MBTA Commuter Rail), Lowell Line (MBTA Commuter Rail)",Wildcat Branch (Haverhill Line),"Lowell Line - False, Haverhill Line (Wildcat Branch) - True","Lowell Line - Medium (<35), Haverhill Line (Wildcat Branch) - Minimal (<5)",FALSE,None,TRUE,Built,1845,,Wilmington
-71.281117,42.59324,1250,North Billerica,"North Billerica, MA",,FALSE,MBTA Commuter Rail,,FALSE,Lowell Line (MBTA Commuter Rail),,FALSE,Medium (<35),FALSE,None,TRUE,Built,1867,,North Billerica
-71.314992,42.636336,1251,Lowell,"Lowell, MA",,FALSE,MBTA Commuter Rail,,FALSE,Lowell Line (MBTA Commuter Rail),,FALSE,Medium (<35),TRUE,None,TRUE,Built,1983,,Lowell
-71.06942,42.4517,1252,Wyoming Hill,"Melrose, MA",,FALSE,MBTA Commuter Rail,,FALSE,Haverhill Line (MBTA Commuter Rail),Main Line (Haverhill Line),FALSE,Medium (<35),FALSE,None,FALSE,Built,1975,,Wyoming Hill
-71.069802,42.458769,1253,Melrose / Cedar Park,"Melrose, MA",,FALSE,MBTA Commuter Rail,,FALSE,Haverhill Line (MBTA Commuter Rail),Main Line (Haverhill Line),FALSE,Medium (<35),FALSE,None,FALSE,Built,,,Melrose / Cedar Park
-71.068361,42.469458,1254,Melrose Highlands,"Melrose, MA",,FALSE,MBTA Commuter Rail,,FALSE,Haverhill Line (MBTA Commuter Rail),Main Line (Haverhill Line),FALSE,Medium (<35),FALSE,None,TRUE,Built,,,Melrose Highlands
-71.067319,42.482974,1255,Greenwood,"Wakefield, MA",,FALSE,MBTA Commuter Rail,,FALSE,Haverhill Line (MBTA Commuter Rail),Main Line (Haverhill Line),FALSE,Medium (<35),FALSE,None,FALSE,Built,,,Greenwood
-71.075561,42.502213,1256,Wakefield,"Wakefield, MA",,FALSE,MBTA Commuter Rail,,FALSE,Haverhill Line (MBTA Commuter Rail),Main Line (Haverhill Line),FALSE,Medium (<35),FALSE,None,FALSE,Built,1889,,Wakefield
-71.107264,42.521773,1257,Reading,"Reading, MA",,FALSE,MBTA Commuter Rail,,FALSE,Haverhill Line (MBTA Commuter Rail),Main Line (Haverhill Line),FALSE,Medium (<35),TRUE,None,TRUE,Built,1845,,Reading
-71.15963,42.569528,1258,North Wilmington,"Wilmington, MA",,FALSE,MBTA Commuter Rail,,FALSE,Haverhill Line (MBTA Commuter Rail),Main Line (Haverhill Line),FALSE,Light (<15),FALSE,None,FALSE,Built,1979,,North Wilmington
-71.159858,42.627348,1259,Ballardvale,"Andover, MA",,FALSE,MBTA Commuter Rail,,FALSE,Haverhill Line (MBTA Commuter Rail),"Main Line (Haverhill Line), Wildcat Branch (Haverhill Line)","Haverhill Line (Main Line) - False, Haverhill Line (Wildcat Branch) - True","Haverhill Line (Main Line) - Light (<15), Haverhill Line (Wildcat Branch) - Minimal (<5)",FALSE,None,TRUE,Built,1849,,Ballardvale
-71.144493,42.658131,1260,Andover,"Andover, MA",,FALSE,MBTA Commuter Rail,,FALSE,Haverhill Line (MBTA Commuter Rail),"Main Line (Haverhill Line), Wildcat Branch (Haverhill Line)","Haverhill Line (Main Line) - False, Haverhill Line (Wildcat Branch) - True","Haverhill Line (Main Line) - Light (<15), Haverhill Line (Wildcat Branch) - Minimal (<5)",FALSE,None,TRUE,Built,1836,,Andover
-71.152263,42.701692,1261,Lawrence,"Lawrence, MA",,FALSE,MBTA Commuter Rail,,FALSE,Haverhill Line (MBTA Commuter Rail),"Main Line (Haverhill Line), Wildcat Branch (Haverhill Line)","Haverhill Line (Main Line) - False, Haverhill Line (Wildcat Branch) - True","Haverhill Line (Main Line) - Light (<15), Haverhill Line (Wildcat Branch) - Minimal (<5)",FALSE,None,TRUE,Built,2005,,Lawrence
-71.088512,42.766611,1262,Bradford,"Bradford, MA",,FALSE,MBTA Commuter Rail,,FALSE,Haverhill Line (MBTA Commuter Rail),"Main Line (Haverhill Line), Wildcat Branch (Haverhill Line)","Haverhill Line (Main Line) - False, Haverhill Line (Wildcat Branch) - True","Haverhill Line (Main Line) - Light (<15), Haverhill Line (Wildcat Branch) - Minimal (<5)",FALSE,None,TRUE,Built,,,Bradford
-71.086131,42.773498,1263,Haverhill,"Haverhill, MA",,TRUE,"Amtrak, MBTA Commuter Rail",,FALSE,"Downeaster (Amtrak), Haverhill Line (MBTA Commuter Rail)","Main Line (Haverhill Line), Wildcat Branch (Haverhill Line)","Downeaster - True, Haverhill Line (Main Line) - False, Haverhill Line (Wildcat Branch) - True","Downeaster - Light (<15), Haverhill Line (Main Line) - Light (<15), Haverhill Line (Wildcat Branch) - Minimal (<5)",TRUE,None,TRUE,Built,1979,,Haverhill
-71.034296,42.395619,1264,Chelsea / Bellingham Sq,"Chelsea, MA",,FALSE,MBTA Commuter Rail,,FALSE,Newburyport/Rockport Line (MBTA Commuter Rail),"Newburyport Branch (Newburyport/Rockport Line), Rockport Branch (Newburyport/Rockport Line)","Newburyport/Rockport Line (Newburyport Branch) - False, Newburyport/Rockport Line (Rockport Branch) - False","Newburyport/Rockport Line (Newburyport Branch) - Light (<15), Newburyport/Rockport Line (Rockport Branch) - Light (<15)",FALSE,None,FALSE,Built,,,Chelsea / Bellingham Sq
-70.969698,42.449904,1265,River Works (Planned),"Lynn, MA",,FALSE,MBTA Commuter Rail,,FALSE,Newburyport/Rockport Line (MBTA Commuter Rail),"Newburyport Branch (Newburyport/Rockport Line), Rockport Branch (Newburyport/Rockport Line)","Newburyport/Rockport Line (Newburyport Branch) - False, Newburyport/Rockport Line (Rockport Branch) - False","Newburyport/Rockport Line (Newburyport Branch) - Light (<15), Newburyport/Rockport Line (Rockport Branch) - Light (<15)",FALSE,None,FALSE,Built,,,River Works (Planned)
-70.945442,42.462972,1266,Lynn,"Lynn, MA",,FALSE,MBTA Commuter Rail,,FALSE,Newburyport/Rockport Line (MBTA Commuter Rail),"Newburyport Branch (Newburyport/Rockport Line), Rockport Branch (Newburyport/Rockport Line)","Newburyport/Rockport Line (Newburyport Branch) - False, Newburyport/Rockport Line (Rockport Branch) - False","Newburyport/Rockport Line (Newburyport Branch) - Light (<15), Newburyport/Rockport Line (Rockport Branch) - Light (<15)",FALSE,None,TRUE,Built,,,Lynn
-70.922502,42.473745,1267,Swampscott,"Swampscott, MA",,FALSE,MBTA Commuter Rail,,FALSE,Newburyport/Rockport Line (MBTA Commuter Rail),"Newburyport Branch (Newburyport/Rockport Line), Rockport Branch (Newburyport/Rockport Line)","Newburyport/Rockport Line (Newburyport Branch) - False, Newburyport/Rockport Line (Rockport Branch) - False","Newburyport/Rockport Line (Newburyport Branch) - Light (<15), Newburyport/Rockport Line (Rockport Branch) - Light (<15)",FALSE,None,TRUE,Built,,,Swampscott
-70.895848,42.524482,1268,Salem,"Salem, MA",,FALSE,MBTA Commuter Rail,,FALSE,Newburyport/Rockport Line (MBTA Commuter Rail),"Newburyport Branch (Newburyport/Rockport Line), Rockport Branch (Newburyport/Rockport Line)","Newburyport/Rockport Line (Newburyport Branch) - False, Newburyport/Rockport Line (Rockport Branch) - False","Newburyport/Rockport Line (Newburyport Branch) - Medium (<35), Newburyport/Rockport Line (Rockport Branch) - Medium (<35)",FALSE,None,TRUE,Built,,,Salem
-70.885445,42.547326,1269,Beverly,"Beverly, MA",,FALSE,MBTA Commuter Rail,,FALSE,Newburyport/Rockport Line (MBTA Commuter Rail),"Newburyport Branch (Newburyport/Rockport Line), Rockport Branch (Newburyport/Rockport Line)","Newburyport/Rockport Line (Newburyport Branch) - False, Newburyport/Rockport Line (Rockport Branch) - False","Newburyport/Rockport Line (Newburyport Branch) - Medium (<35), Newburyport/Rockport Line (Rockport Branch) - Medium (<35)",TRUE,None,TRUE,Built,,,Beverly
-70.883764,42.583845,1270,North Beverly,"Beverly, MA",,FALSE,MBTA Commuter Rail,,FALSE,Newburyport/Rockport Line (MBTA Commuter Rail),Newburyport Branch (Newburyport/Rockport Line),FALSE,Medium (<35),FALSE,None,TRUE,Built,,,North Beverly
-70.874647,42.609592,1271,Hamilton / Wenham,"Hamilton, MA",,FALSE,MBTA Commuter Rail,,FALSE,Newburyport/Rockport Line (MBTA Commuter Rail),Newburyport Branch (Newburyport/Rockport Line),FALSE,Medium (<35),FALSE,None,TRUE,Built,,,Hamilton / Wenham
-70.840617,42.676985,1272,Ipswich,"Ipswich, MA",,FALSE,MBTA Commuter Rail,,FALSE,Newburyport/Rockport Line (MBTA Commuter Rail),Newburyport Branch (Newburyport/Rockport Line),FALSE,Medium (<35),FALSE,None,TRUE,Built,,,Ipswich
-70.859132,42.727124,1273,Rowley,"Rowley, MA",,FALSE,MBTA Commuter Rail,,FALSE,Newburyport/Rockport Line (MBTA Commuter Rail),Newburyport Branch (Newburyport/Rockport Line),FALSE,Medium (<35),FALSE,None,TRUE,Built,,,Rowley
-70.877635,42.797124,1274,Newburyport,"Newburyport, MA",,FALSE,MBTA Commuter Rail,,FALSE,Newburyport/Rockport Line (MBTA Commuter Rail),Newburyport Branch (Newburyport/Rockport Line),FALSE,Medium (<35),TRUE,None,TRUE,Built,,,Newburyport
-70.869086,42.562243,1275,Montserrat,"Beverly, MA",,FALSE,MBTA Commuter Rail,,FALSE,Newburyport/Rockport Line (MBTA Commuter Rail),Rockport Branch (Newburyport/Rockport Line),FALSE,Medium (<35),FALSE,None,TRUE,Built,,,Montserrat
-70.825258,42.559507,1276,Prides Crossing,"Beverly, MA",,FALSE,MBTA Commuter Rail,,FALSE,Newburyport/Rockport Line (MBTA Commuter Rail),Rockport Branch (Newburyport/Rockport Line),TRUE,Minimal (<5),FALSE,None,FALSE,Built,,,Prides Crossing
-70.810826,42.561752,1277,Beverly Farms,"Beverly, MA",,FALSE,MBTA Commuter Rail,,FALSE,Newburyport/Rockport Line (MBTA Commuter Rail),Rockport Branch (Newburyport/Rockport Line),FALSE,Medium (<35),FALSE,None,TRUE,Built,,,Beverly Farms
-70.767409,42.574488,1278,Manchester,"Manchester-by-the-Sea, MA",,FALSE,MBTA Commuter Rail,,FALSE,Newburyport/Rockport Line (MBTA Commuter Rail),Rockport Branch (Newburyport/Rockport Line),FALSE,Medium (<35),FALSE,None,TRUE,Built,,,Manchester
-70.705277,42.612018,1279,West Gloucester,"Gloucester, MA",,FALSE,MBTA Commuter Rail,,FALSE,Newburyport/Rockport Line (MBTA Commuter Rail),Rockport Branch (Newburyport/Rockport Line),FALSE,Medium (<35),FALSE,None,TRUE,Built,,,West Gloucester
-70.667272,42.616597,1280,Gloucester,"Gloucester, MA",,FALSE,MBTA Commuter Rail,,FALSE,Newburyport/Rockport Line (MBTA Commuter Rail),Rockport Branch (Newburyport/Rockport Line),FALSE,Medium (<35),FALSE,None,TRUE,Built,,,Gloucester
-70.626559,42.655925,1281,Rockport,"Rockport, MA",,FALSE,MBTA Commuter Rail,,FALSE,Newburyport/Rockport Line (MBTA Commuter Rail),Rockport Branch (Newburyport/Rockport Line),FALSE,Medium (<35),TRUE,None,TRUE,Built,,,Rockport
-71.05508,42.351393,1282,South Station,"Boston, MA",Downtown,TRUE,"Amtrak, CapeFLYER, MBTA Commuter Rail",,TRUE,"Acela Express (Amtrak), Lake Shore Limited (Amtrak), Northeast Regional (Amtrak), Fairmount Line (MBTA Commuter Rail), Framingham/Worcester Line (MBTA Commuter Rail), Franklin Line (MBTA Commuter Rail), Greenbush Line (MBTA Commuter Rail), Kingston/Plymouth Line (MBTA Commuter Rail), Middleborough/Lakeville Line (MBTA Commuter Rail), Needham Line (MBTA Commuter Rail), Providence/Stoughton Line (MBTA Commuter Rail), CapeFLYER","Boston Branch (Northeast Regional), Providence Branch (Providence/Stoughton Line), Stoughton Branch (Providence/Stoughton Line), Boston Service (Lake Shore Limited)","Acela Express - False, Lake Shore Limited - True, Northeast Regional (Boston Branch) - False, Fairmount Line - False, Framingham/Worcester Line - False, Franklin Line - False, Greenbush Line - False, Kingston/Plymouth Line - False, Middleborough/Lakeville Line - False, Needham Line - False, Providence/Stoughton Line (Providence Branch) - False, Providence/Stoughton Line (Stoughton Branch) - False, CapeFLYER - True","Acela Express - Light (<15), Lake Shore Limited - Minimal (<5), Northeast Regional (Boston Branch) - Light (<15), Fairmount Line - Medium (<35), Framingham/Worcester Line - Medium (<35), Franklin Line - Medium (<35), Greenbush Line - Light (<15), Kingston/Plymouth Line - Light (<15), Middleborough/Lakeville Line - Light (<15), Needham Line - Medium (<35), Providence/Stoughton Line (Providence Branch) - Medium (<35), Providence/Stoughton Line (Stoughton Branch) - Light (<15), CapeFLYER - Minimal (<5) (Weekends Only)",TRUE,South Station (MBTA Subway),TRUE,Built,,,South Station
-70.968076,42.221514,1283,Weymouth Landing / East Braintree,"Weymouth, MA",,FALSE,MBTA Commuter Rail,,FALSE,Greenbush Line (MBTA Commuter Rail),,Greenbush Line - False,Greenbush Line - Light (<15),FALSE,None,TRUE,Built,,,Weymouth Landing / East Braintree
-70.922473,42.219375,1284,East Weymouth,"Weymouth, MA",,FALSE,MBTA Commuter Rail,,FALSE,Greenbush Line (MBTA Commuter Rail),,Greenbush Line - False,Greenbush Line - Light (<15),FALSE,None,TRUE,Built,,,East Weymouth
-70.902688,42.235774,1285,West Hingham,"Hingham, MA",,FALSE,MBTA Commuter Rail,,FALSE,Greenbush Line (MBTA Commuter Rail),,Greenbush Line - False,Greenbush Line - Light (<15),FALSE,None,TRUE,Built,,,West Hingham
-70.868238,42.244956,1286,Nantasket Junction,"Hingham, MA",,FALSE,MBTA Commuter Rail,,FALSE,Greenbush Line (MBTA Commuter Rail),,Greenbush Line - False,Greenbush Line - Light (<15),FALSE,None,TRUE,Built,,,Nantasket Junction
-70.837758,42.244253,1287,Cohasset,"Cohasset, MA",,FALSE,MBTA Commuter Rail,,FALSE,Greenbush Line (MBTA Commuter Rail),,Greenbush Line - False,Greenbush Line - Light (<15),FALSE,None,TRUE,Built,,,Cohasset
-70.787989,42.219383,1288,North Scituate,"Scituate, MA",,FALSE,MBTA Commuter Rail,,FALSE,Greenbush Line (MBTA Commuter Rail),,Greenbush Line - False,Greenbush Line - Light (<15),FALSE,None,TRUE,Built,,,North Scituate
-70.746347,42.178804,1289,Greenbush,"Scituate, MA",,FALSE,MBTA Commuter Rail,,FALSE,Greenbush Line (MBTA Commuter Rail),,Greenbush Line - False,Greenbush Line - Light (<15),TRUE,None,TRUE,Built,,,Greenbush
-70.953119,42.154718,1290,South Weymouth,"Weymouth, MA",,FALSE,MBTA Commuter Rail,,FALSE,Kingston/Plymouth Line (MBTA Commuter Rail),,FALSE,Light (<15),FALSE,None,TRUE,Built,,,South Weymouth
-70.934366,42.107086,1291,Abington,"Abington, MA",,FALSE,MBTA Commuter Rail,,FALSE,Kingston/Plymouth Line (MBTA Commuter Rail),,FALSE,Light (<15),FALSE,None,TRUE,Built,,,Abington
-70.923267,42.08259,1292,Whitman,"Whitman, MA",,FALSE,MBTA Commuter Rail,,FALSE,Kingston/Plymouth Line (MBTA Commuter Rail),,FALSE,Light (<15),FALSE,None,TRUE,Built,,,Whitman
-70.882138,42.043781,1293,Hanson,"Hanson, MA",,FALSE,MBTA Commuter Rail,,FALSE,Kingston/Plymouth Line (MBTA Commuter Rail),,FALSE,Light (<15),FALSE,None,TRUE,Built,,,Hanson
-70.823986,42.014614,1294,Halifax,"Halifax, MA",,FALSE,MBTA Commuter Rail,,FALSE,Kingston/Plymouth Line (MBTA Commuter Rail),,FALSE,Light (<15),FALSE,None,TRUE,Built,,,Halifax
-70.722083,41.977415,1295,Kingston,"Kingston, MA",,FALSE,MBTA Commuter Rail,,FALSE,Kingston/Plymouth Line (MBTA Commuter Rail),,FALSE,Light (<15),TRUE,None,TRUE,Built,,,Kingston
-70.690359,41.981249,1296,Plymouth,"Plymouth, MA",,FALSE,MBTA Commuter Rail,,FALSE,Kingston/Plymouth Line (MBTA Commuter Rail),,TRUE,Minimal (<5),TRUE,None,TRUE,Built,,,Plymouth
-71.027396,42.156496,1297,Holbrook / Randolph,"Randolph, MA",,FALSE,MBTA Commuter Rail,,FALSE,Middleborough/Lakeville Line (MBTA Commuter Rail),,FALSE,Light (<15),FALSE,None,TRUE,Built,,,Holbrook / Randolph
-71.021836,42.106191,1298,Montello,"Brockton, MA",,FALSE,MBTA Commuter Rail,,FALSE,Middleborough/Lakeville Line (MBTA Commuter Rail),,FALSE,Light (<15),FALSE,None,TRUE,Built,,,Montello
-71.016555,42.084483,1299,Brockton,"Brockton, MA",,FALSE,"CapeFLYER, MBTA Commuter Rail",,FALSE,"CapeFLYER, Middleborough/Lakeville Line (MBTA Commuter Rail)",,"CapeFLYER - True, Middleborough/Lakeville Line - False","CapeFLYER - Minimal (<5) (Weekends Only), Middleborough/Lakeville Line - Light (<15)",FALSE,None,TRUE,Built,,,Brockton
-71.011099,42.060999,1300,Campello,"Brockton, MA",,FALSE,MBTA Commuter Rail,,FALSE,Middleborough/Lakeville Line (MBTA Commuter Rail),,FALSE,Light (<15),FALSE,None,TRUE,Built,,,Campello
-70.965366,41.984831,1301,Bridgewater,"Bridgewater, MA",,FALSE,MBTA Commuter Rail,,FALSE,Middleborough/Lakeville Line (MBTA Commuter Rail),,FALSE,Light (<15),FALSE,None,TRUE,Built,,,Bridgewater
-70.918361,41.878117,1302,Middleborough / Lakeville,"Lakeville, MA",,FALSE,"CapeFLYER, MBTA Commuter Rail",,FALSE,"CapeFLYER, Middleborough/Lakeville Line (MBTA Commuter Rail)",,"CapeFLYER - True, Middleborough/Lakeville Line - False","CapeFLYER - Minimal (<5) (Weekends Only), Middleborough/Lakeville Line - Light (<15)",TRUE,None,TRUE,Built,,,Middleborough / Lakeville
-71.066196,42.326421,1303,Newmarket,"Boston, MA",Dorchester,FALSE,MBTA Commuter Rail,,FALSE,Fairmount Line (MBTA Commuter Rail),,FALSE,Medium (<35),FALSE,None,TRUE,Built,,,Newmarket
-71.068606,42.319016,1304,Uphams Corner,"Boston, MA",Dorchester,FALSE,MBTA Commuter Rail,,FALSE,Fairmount Line (MBTA Commuter Rail),,FALSE,Medium (<35),FALSE,None,TRUE,Built,,,Uphams Corner
-71.075931,42.305865,1305,Four Corners / Geneva,"Boston, MA",Dorchester,FALSE,MBTA Commuter Rail,,FALSE,Fairmount Line (MBTA Commuter Rail),,FALSE,Medium (<35),FALSE,None,TRUE,Built,,,Four Corners / Geneva
-71.078297,42.292859,1306,Talbot Avenue,"Boston, MA",Dorchester,FALSE,MBTA Commuter Rail,,FALSE,Fairmount Line (MBTA Commuter Rail),,FALSE,Medium (<35),FALSE,None,TRUE,Built,,,Talbot Avenue
-71.08581,42.280687,1307,Morton Street,"Boston, MA",Mattapan,FALSE,MBTA Commuter Rail,,FALSE,Fairmount Line (MBTA Commuter Rail),,FALSE,Medium (<35),FALSE,None,TRUE,Built,,,Morton Street
-71.095668,42.271471,1308,Blue Hill Avenue,"Boston, MA",Dorchester,FALSE,MBTA Commuter Rail,,FALSE,Fairmount Line (MBTA Commuter Rail),,FALSE,Medium (<35),FALSE,None,TRUE,Built,,,Blue Hill Avenue
-71.119494,42.25351,1309,Fairmount,"Boston, MA",Hyde Park,FALSE,MBTA Commuter Rail,,FALSE,Fairmount Line (MBTA Commuter Rail),,FALSE,Medium (<35),FALSE,None,TRUE,Built,,,Fairmount
-71.133864,42.237563,1310,Readville,"Boston, MA",Hyde Park,FALSE,MBTA Commuter Rail,,TRUE,"Fairmount Line (MBTA Commuter Rail), Franklin Line (MBTA Commuter Rail)",,"Fairmount Line - False, Franklin Line - False, ","Fairmount Line - Medium (<35), Franklin Line - Light (<15), ",TRUE,None,TRUE,Built,,,Readville
-71.12571,42.254663,1311,Hyde Park,"Boston, MA",Hyde Park,FALSE,MBTA Commuter Rail,,TRUE,"Franklin Line (MBTA Commuter Rail), Providence/Stoughton Line (MBTA Commuter Rail)","Providence Branch (Providence/Stoughton Line), Stoughton Branch (Providence/Stoughton Line)","Franklin Line - True, Providence/Stoughton Line (Providence Branch) - False, Providence/Stoughton Line (Stoughton Branch) - False","Franklin Line - Minimal (<5), Providence/Stoughton Line (Providence Branch) - Light (<15), Providence/Stoughton Line (Stoughton Branch) - Light (<15)",FALSE,None,TRUE,Built,,,Hyde Park
-71.147182,42.21035,1312,Route 128,"Westwood, MA",,TRUE,"Amtrak, MBTA Commuter Rail",,TRUE,"Acela Express (Amtrak), Northeast Regional (Amtrak), Providence/Stoughton Line (MBTA Commuter Rail)","Boston Branch (Northeast Regional), Providence Branch (Providence/Stoughton Line), Stoughton Branch (Providence/Stoughton Line)","Acela Express - False, Northeast Regional (Boston Branch) - False, Providence/Stoughton Line (Providence Branch) - False, Providence/Stoughton Line (Stoughton Branch) - False","Acela Express - Light (<15), Northeast Regional (Boston Branch) - Light (<15), Providence/Stoughton Line (Providence Branch) - Medium (<35), Providence/Stoughton Line (Stoughton Branch) - Light (<15)",FALSE,None,TRUE,Built,,,Route 128
-71.153996,42.163352,1313,Canton Junction,"Canton, MA",,FALSE,MBTA Commuter Rail,,FALSE,Providence/Stoughton Line (MBTA Commuter Rail),"Providence Branch (Providence/Stoughton Line), Stoughton Branch (Providence/Stoughton Line)","Providence/Stoughton Line (Providence Branch) - False, Providence/Stoughton Line (Stoughton Branch) - False","Providence/Stoughton Line (Providence Branch) - Light (<15), Providence/Stoughton Line (Stoughton Branch) - Light (<15)",FALSE,None,TRUE,Built,,,Canton Junction
-71.145832,42.156876,1314,Canton Center,"Canton, MA",,FALSE,MBTA Commuter Rail,,FALSE,Providence/Stoughton Line (MBTA Commuter Rail),Stoughton Branch (Providence/Stoughton Line),FALSE,Light (<15),FALSE,None,TRUE,Built,,,Canton Center
-71.103036,42.123492,1315,Stoughton,"Stoughton, MA",,FALSE,MBTA Commuter Rail,,FALSE,Providence/Stoughton Line (MBTA Commuter Rail),Stoughton Branch (Providence/Stoughton Line),FALSE,Light (<15),TRUE,None,TRUE,Built,,,Stoughton
-71.184498,42.12458,1316,Sharon,"Sharon, MA",,FALSE,MBTA Commuter Rail,,FALSE,Providence/Stoughton Line (MBTA Commuter Rail),Providence Branch (Providence/Stoughton Line),FALSE,Medium (<35),FALSE,None,TRUE,Built,,,Sharon
-71.22006,42.032547,1317,Mansfield,"Mansfield, MA",,FALSE,MBTA Commuter Rail,,FALSE,Providence/Stoughton Line (MBTA Commuter Rail),Providence Branch (Providence/Stoughton Line),FALSE,Medium (<35),FALSE,None,TRUE,Built,,,Mansfield
-71.284921,41.940927,1318,Attleboro,"Attleboro, MA",,FALSE,MBTA Commuter Rail,,FALSE,Providence/Stoughton Line (MBTA Commuter Rail),Providence Branch (Providence/Stoughton Line),FALSE,Medium (<35),TRUE,None,TRUE,Built,,,Attleboro
-71.355274,41.897657,1319,South Attleboro,"Attleboro, MA",,FALSE,MBTA Commuter Rail,,FALSE,Providence/Stoughton Line (MBTA Commuter Rail),Providence Branch (Providence/Stoughton Line),FALSE,Medium (<35),FALSE,None,TRUE,Built,,,South Attleboro
-71.413313,41.829266,1320,Providence,"Providence, RI",,TRUE,"Amtrak, MBTA Commuter Rail",,FALSE,"Acela Express (Amtrak), Northeast Regional (Amtrak), Providence/Stoughton Line (MBTA Commuter Rail)","Boston Branch (Northeast Regional), Providence Branch (Providence/Stoughton Line)","Acela Express - False, Northeast Regional (Boston Branch) - False, Providence/Stoughton Line (Providence Branch) - False","Acela Express - Light (<15), Northeast Regional (Boston Branch) - Light (<15), Providence/Stoughton Line (Providence Branch) - Medium (<35)",TRUE,None,TRUE,Built,,,Providence
-71.441979,41.727411,1321,TF Green Airport,"Warwick, RI",,FALSE,MBTA Commuter Rail,,FALSE,Providence/Stoughton Line (MBTA Commuter Rail),Providence Branch (Providence/Stoughton Line),FALSE,Light (<15),FALSE,None,TRUE,Built,,,TF Green Airport
-71.490896,41.581511,1322,Wickford Junction,"North Kingston, RI",,FALSE,MBTA Commuter Rail,,FALSE,Providence/Stoughton Line (MBTA Commuter Rail),Providence Branch (Providence/Stoughton Line),FALSE,Light (<15),TRUE,None,TRUE,Built,,,Wickford Junction
-71.158505,42.233328,1323,Endicott,"Dedham, MA",,FALSE,MBTA Commuter Rail,,FALSE,Franklin Line (MBTA Commuter Rail),,FALSE,Medium (<35),FALSE,None,FALSE,Built,,,Endicott
-71.174509,42.226947,1324,Dedham Corp. Center,"Dedham, MA",,FALSE,MBTA Commuter Rail,,FALSE,Franklin Line (MBTA Commuter Rail),,FALSE,Medium (<35),FALSE,None,TRUE,Built,,,Dedham Corp. Center
-71.183965,42.221023,1325,Islington,"Westwood, MA",,FALSE,MBTA Commuter Rail,,FALSE,Franklin Line (MBTA Commuter Rail),,FALSE,Medium (<35),FALSE,None,FALSE,Built,,,Islington
-71.196934,42.196367,1326,Norwood Depot,"Norwood, MA",,FALSE,MBTA Commuter Rail,,FALSE,Franklin Line (MBTA Commuter Rail),,FALSE,Medium (<35),FALSE,None,TRUE,Built,,,Norwood Depot
-71.199723,42.188595,1327,Norwood Central,"Norwood, MA",,FALSE,MBTA Commuter Rail,,FALSE,Franklin Line (MBTA Commuter Rail),,FALSE,Medium (<35),TRUE,None,TRUE,Built,,,Norwood Central
-71.219826,42.171791,1328,Windsor Gardens,"Norwood, MA",,FALSE,MBTA Commuter Rail,,FALSE,Franklin Line (MBTA Commuter Rail),,FALSE,Light (<15),FALSE,None,FALSE,Built,,,Windsor Gardens
-71.236605,42.158544,1329,Plimptonville,"Walpole, MA",,FALSE,MBTA Commuter Rail,,FALSE,Franklin Line (MBTA Commuter Rail),,TRUE,Minimal (<5),FALSE,None,FALSE,Built,,,Plimptonville
-71.257772,42.145546,1330,Walpole,"Walpole, MA",,FALSE,MBTA Commuter Rail,,FALSE,Franklin Line (MBTA Commuter Rail),,FALSE,Medium (<35),TRUE,None,FALSE,Built,,,Walpole
-71.32614,42.120264,1331,Norfolk,"Norfolk, MA",,FALSE,MBTA Commuter Rail,,FALSE,Franklin Line (MBTA Commuter Rail),,FALSE,Medium (<35),FALSE,None,TRUE,Built,,,Norfolk
-71.395992,42.083247,1332,Franklin / Dean College,"Franklin, MA",,FALSE,MBTA Commuter Rail,,FALSE,Franklin Line (MBTA Commuter Rail),,FALSE,Medium (<35),FALSE,None,FALSE,Built,,,Franklin / Dean College
-71.438958,42.089968,1333,Forge Park / 495,"Franklin, MA",,FALSE,MBTA Commuter Rail,,FALSE,Franklin Line (MBTA Commuter Rail),,FALSE,Medium (<35),TRUE,None,TRUE,Built,,,Forge Park / 495
-71.130218,42.287474,1334,Roslindale Village,"Boston, MA",Roslindale,FALSE,MBTA Commuter Rail,,FALSE,Needham Line (MBTA Commuter Rail),,FALSE,Light (<15),FALSE,None,TRUE,Built,,,Roslindale Village
-71.145534,42.286551,1335,Bellevue,"Boston, MA",West Roxbury,FALSE,MBTA Commuter Rail,,FALSE,Needham Line (MBTA Commuter Rail),,FALSE,Light (<15),FALSE,None,TRUE,Built,,,Bellevue
-71.154017,42.284947,1336,Highland,"Boston, MA",West Roxbury,FALSE,MBTA Commuter Rail,,FALSE,Needham Line (MBTA Commuter Rail),,FALSE,Light (<15),FALSE,None,TRUE,Built,,,Highland
-71.160088,42.28131,1337,West Roxbury,"Boston, MA",West Roxbury,FALSE,MBTA Commuter Rail,,FALSE,Needham Line (MBTA Commuter Rail),,FALSE,Medium (<35),FALSE,None,TRUE,Built,,,West Roxbury
-71.216028,42.275589,1338,Hersey,"Needham, MA",,FALSE,MBTA Commuter Rail,,FALSE,Needham Line (MBTA Commuter Rail),,FALSE,Light (<15),FALSE,None,TRUE,Built,,,Hersey
-71.235626,42.273151,1339,Needham Junction,"Needham, MA",,FALSE,MBTA Commuter Rail,,FALSE,Needham Line (MBTA Commuter Rail),,FALSE,Medium (<35),FALSE,None,TRUE,Built,,,Needham Junction
-71.237726,42.280704,1340,Needham Center,"Needham, MA",,FALSE,MBTA Commuter Rail,,FALSE,Needham Line (MBTA Commuter Rail),,FALSE,Medium (<35),FALSE,None,TRUE,Built,,,Needham Center
-71.236072,42.293555,1341,Needham Heights,"Needham, MA",,FALSE,MBTA Commuter Rail,,FALSE,Needham Line (MBTA Commuter Rail),,FALSE,Medium (<35),TRUE,None,TRUE,Built,,,Needham Heights
-71.099677,42.34757,1342,Lansdowne,"Boston, MA",Fenway-Kenmore,FALSE,MBTA Commuter Rail,,FALSE,Framingham/Worcester Line (MBTA Commuter Rail),,FALSE,Medium (<35),FALSE,None,TRUE,Built,,,Lansdowne
-71.140516,42.357394,1343,Boston Landing,"Boston, MA",Allston-Brighton,FALSE,MBTA Commuter Rail,,FALSE,Framingham/Worcester Line (MBTA Commuter Rail),,FALSE,Medium (<35),FALSE,None,TRUE,Built,,,Boston Landing
-71.205129,42.351767,1344,Newtonville,"Newton, MA",,FALSE,MBTA Commuter Rail,,FALSE,Framingham/Worcester Line (MBTA Commuter Rail),,FALSE,Light (<15),FALSE,None,FALSE,Built,,,Newtonville
-71.230323,42.347846,1345,West Newton,"Newton, MA",,FALSE,MBTA Commuter Rail,,FALSE,Framingham/Worcester Line (MBTA Commuter Rail),,FALSE,Light (<15),FALSE,None,FALSE,Built,,,West Newton
-71.251178,42.345488,1346,Auburndale,"Newton, MA",,FALSE,MBTA Commuter Rail,,FALSE,Framingham/Worcester Line (MBTA Commuter Rail),,FALSE,Light (<15),FALSE,None,FALSE,Built,,,Auburndale
-71.272416,42.322114,1347,Wellesley Farms,"Wellesley, MA",,FALSE,MBTA Commuter Rail,,FALSE,Framingham/Worcester Line (MBTA Commuter Rail),,FALSE,Medium (<35),FALSE,None,FALSE,Built,,,Wellesley Farms
-71.277077,42.310446,1348,Wellesley Hills,"Wellesley, MA",,FALSE,MBTA Commuter Rail,,FALSE,Framingham/Worcester Line (MBTA Commuter Rail),,FALSE,Medium (<35),FALSE,None,FALSE,Built,,,Wellesley Hills
-71.294719,42.29716,1349,Wellesley Square,"Wellesley, MA",,FALSE,MBTA Commuter Rail,,FALSE,Framingham/Worcester Line (MBTA Commuter Rail),,FALSE,Medium (<35),FALSE,None,FALSE,Built,,,Wellesley Square
-71.346797,42.285708,1350,Natick Center,"Natick, MA",,FALSE,MBTA Commuter Rail,,FALSE,Framingham/Worcester Line (MBTA Commuter Rail),,FALSE,Medium (<35),FALSE,None,FALSE,Built,,,Natick Center
-71.39177,42.283073,1351,West Natick,"Natick, MA",,FALSE,MBTA Commuter Rail,,FALSE,Framingham/Worcester Line (MBTA Commuter Rail),,FALSE,Medium (<35),FALSE,None,TRUE,Built,,,West Natick
-71.419247,42.276316,1352,Framingham,"Framingham, MA",,TRUE,"Amtrak, MBTA Commuter Rail",,FALSE,"Lake Shore Limited (Amtrak), Framingham/Worcester Line (MBTA Commuter Rail)",Boston Service (Lake Shore Limited),"Lake Shore Limited - True, Framingham/Worcester Line - False","Lake Shore Limited - Minimal (<5), Framingham/Worcester Line - Medium (<35)",TRUE,None,TRUE,Built,,,Framingham
-71.482079,42.261435,1353,Ashland,"Ashland, MA",,FALSE,MBTA Commuter Rail,,FALSE,Framingham/Worcester Line (MBTA Commuter Rail),,FALSE,Medium (<35),TRUE,None,TRUE,Built,,,Ashland
-71.524709,42.266919,1354,Southborough,"Southborough, MA",,FALSE,MBTA Commuter Rail,,FALSE,Framingham/Worcester Line (MBTA Commuter Rail),,FALSE,Medium (<35),FALSE,None,TRUE,Built,,,Southborough
-71.647177,42.269504,1355,Westborough,"Westborough, MA",,FALSE,MBTA Commuter Rail,,FALSE,Framingham/Worcester Line (MBTA Commuter Rail),,FALSE,Medium (<35),FALSE,None,TRUE,Built,,,Westborough
-71.684656,42.247021,1356,Grafton,"Grafton, MA",,FALSE,MBTA Commuter Rail,,FALSE,Framingham/Worcester Line (MBTA Commuter Rail),,FALSE,Medium (<35),FALSE,None,TRUE,Built,,,Grafton
-71.794522,42.260871,1357,Worcester,"Worcester, MA",,TRUE,"Amtrak, MBTA Commuter Rail",,FALSE,"Lake Shore Limited (Amtrak), Framingham/Worcester Line (MBTA Commuter Rail)",Boston Service (Lake Shore Limited),"Lake Shore Limited - True, Framingham/Worcester Line - False","Lake Shore Limited - Minimal (<5), Framingham/Worcester Line - Medium (<35)",TRUE,None,TRUE,Built,,,Worcester
-71.261433,42.095042,1358,Foxboro,"Foxboro, MA",,FALSE,MBTA Commuter Rail,,TRUE,"Franklin Line (MBTA Commuter Rail), Providence/Stoughton Line (MBTA Commuter Rail)",,TRUE,None (<1) (Special Events Only),FALSE,None,TRUE,Built,,,Foxboro
-70.92676,41.886604,1359,Middleborough / Lakeville (Planned),"Lakeville, MA",,FALSE,MBTA Commuter Rail,,FALSE,South Coast Rail (MBTA Commuter Rail),,,,FALSE,None,,Planned,,,Middleborough / Lakeville (Planned)
-71.060526,41.867122,1360,East Taunton (Planned),"East Taunton, MA",,FALSE,MBTA Commuter Rail,,FALSE,South Coast Rail (MBTA Commuter Rail),,,,FALSE,None,,Planned,,,East Taunton (Planned)
-71.093679,41.772414,1361,Freetown (Planned),"Freetown, MA",,FALSE,MBTA Commuter Rail,,FALSE,South Coast Rail (MBTA Commuter Rail),,,,FALSE,None,,Planned,,,Freetown (Planned)
-71.15387,41.714317,1362,Fall River Depot (Planned),"Fall River, MA",,FALSE,MBTA Commuter Rail,,FALSE,South Coast Rail (MBTA Commuter Rail),,,,FALSE,None,,Planned,,,Fall River Depot (Planned)
-70.939792,41.677008,1364,North New Bedford (Planned),"New Bedford, MA",,FALSE,MBTA Commuter Rail,,FALSE,South Coast Rail (MBTA Commuter Rail),,,,FALSE,None,,Planned,,,North New Bedford (Planned)
-70.924812,41.643266,1365,New Bedford (Planned),"New Bedford, MA",,FALSE,MBTA Commuter Rail,,FALSE,South Coast Rail (MBTA Commuter Rail),,,,FALSE,None,,Planned,,,New Bedford (Planned)
-71.393711,41.877734,1366,Pawtucket - Central Falls (Planned),"Pawtucket, RI",,TRUE,"MBTA Commuter Rail, Amtrak",,FALSE,Providence/Stoughton Line (MBTA Commuter Rail),,,,FALSE,None,,Under Construction,,,Pawtucket - Central Falls (Planned)
-70.714623,41.758437,1391,Wareham Village,"Wareham, MA",,FALSE,CapeFLYER,,FALSE,CapeFLYER,,TRUE,Minimal (<5) (Weekends Only),FALSE,None,TRUE,Built,,,Wareham Village
-70.615896,41.744668,1392,Buzzards Bay,"Buzzards Bay, MA",,FALSE,CapeFLYER,,FALSE,CapeFLYER,,TRUE,Minimal (<5) (Weekends Only),FALSE,None,TRUE,Built,,,Buzzards Bay
-70.279838,41.65544,1393,Hyannis,"Hyannis, MA",,FALSE,CapeFLYER,,FALSE,CapeFLYER,,TRUE,Minimal (<5) (Weekends Only),TRUE,None,TRUE,Built,,,Hyannis
-70.958786,42.980987,1401,Exeter,"Exeter, NH",,FALSE,Amtrak,,FALSE,Downeaster (Amtrak),,TRUE,Light (<15),FALSE,None,TRUE,Built,1891,,Exeter
-70.936312,43.139138,1402,Durham - UNH,"Durham, NH",,FALSE,Amtrak,,FALSE,Downeaster (Amtrak),,TRUE,Light (<15),FALSE,None,TRUE,Built,1912,,Durham - UNH
-70.878304,43.198187,1403,Dover,"Dover, NH",,FALSE,Amtrak,,FALSE,Downeaster (Amtrak),,TRUE,Light (<15),FALSE,None,TRUE,Built,1824,,Dover
-70.612071,43.320548,1404,Wells,"Wells, ME",,FALSE,Amtrak,,FALSE,Downeaster (Amtrak),,TRUE,Light (<15),FALSE,None,TRUE,Built,2001,,Wells
-70.529252,43.382548,1405,Kennebunk (Planned),"Kennebunk, ME",,FALSE,Amtrak,,FALSE,Downeaster (Amtrak),,TRUE,Light (<15),FALSE,None,,Planned,,,Kennebunk (Planned)
-70.449168,43.496305,1406,Saco,"Saco, ME",,FALSE,Amtrak,,FALSE,Downeaster (Amtrak),,TRUE,Light (<15),FALSE,None,TRUE,Built,2001,,Saco
-70.376046,43.514342,1407,Old Orchard Beach,"Old Orchard Beach, ME",,FALSE,Amtrak,,FALSE,Downeaster (Amtrak),,TRUE,Light (<15),FALSE,None,TRUE,Built,2003,,Old Orchard Beach
-70.290729,43.652973,1408,Portland,"Portland, ME",,FALSE,Amtrak,,FALSE,Downeaster (Amtrak),,TRUE,Light (<15),TRUE,None,TRUE,Built,1996,,Portland
-70.102061,43.855172,1409,Freeport,"Freeport, ME",,FALSE,Amtrak,,FALSE,Downeaster (Amtrak),,TRUE,Minimal (<5),FALSE,None,TRUE,Built,2012,,Freeport
-69.965246,43.911654,1410,Brunswick,"Brunswick, ME",,FALSE,Amtrak,,FALSE,Downeaster (Amtrak),,TRUE,Minimal (<5),TRUE,None,TRUE,Built,2012,,Brunswick
-73.171191,43.613611,1411,Castleton,"Castleton, VT",,FALSE,Amtrak,,FALSE,Ethan Allen Express (Amtrak),,TRUE,Minimal (<5),FALSE,None,TRUE,Built,2010,,Castleton
-72.981751,43.605583,1412,Rutland,"Rutland, VT",,FALSE,Amtrak,,FALSE,Ethan Allen Express (Amtrak),,TRUE,Minimal (<5),TRUE,None,TRUE,Built,1999,,Rutland
-73.169746,44.017575,1413,Middlebury (Planned),"Middlebury, VT",,FALSE,Amtrak,,FALSE,Ethan Allen Express (Amtrak),,,,FALSE,None,,Planned,,,Middlebury (Planned)
-73.248899,44.180751,1414,Vergennes (Planned),"Vergennes, VT",,FALSE,Amtrak,,FALSE,Ethan Allen Express (Amtrak),,,,FALSE,None,,Planned,,,Vergennes (Planned)
-73.219861,44.475409,1415,Burlington (Planned),"Burlington, VT",,FALSE,Amtrak,,FALSE,Ethan Allen Express (Amtrak),,,,FALSE,None,,Planned,,,Burlington (Planned)
-73.254183,42.451188,1416,Pittsfield,"Pittsfield, MA",,FALSE,Amtrak,,FALSE,Lake Shore Limited (Amtrak),Boston Service (Lake Shore Limited),TRUE,Minimal (<5),FALSE,None,TRUE,Built,1866,,Pittsfield
-71.560812,41.484172,1417,Kingston,"South Kingston, RI",West Kingston,FALSE,Amtrak,,FALSE,Northeast Regional (Amtrak),Boston Branch (Northeast Regional),FALSE,Light (<15),FALSE,None,TRUE,Built,1875,,Kingston
-71.829997,41.381349,1418,Westerly,"Westerly, RI",,FALSE,Amtrak,,FALSE,Northeast Regional (Amtrak),Boston Branch (Northeast Regional),TRUE,Light (<15),FALSE,None,TRUE,Built,1837,,Westerly
-71.963154,41.350784,1419,Mystic,"Mystic, CT",,FALSE,Amtrak,,FALSE,Northeast Regional (Amtrak),Boston Branch (Northeast Regional),TRUE,Minimal (<5),FALSE,None,TRUE,Built,1905,,Mystic
-72.602165,42.203843,1420,Holyoke,"Holyoke, MA",,FALSE,Amtrak,,FALSE,Vermonter (Amtrak,,TRUE,Minimal (<5),FALSE,None,,Built,2015,,Holyoke
-72.626331,42.318914,1421,Northampton,"Northampton, MA",,FALSE,Amtrak,,FALSE,Vermonter (Amtrak,,TRUE,Minimal (<5),FALSE,None,,Built,2014,,Northampton
-72.600892,42.585375,1422,Greenfield,"Greenfield, MA",,FALSE,Amtrak,,FALSE,Vermonter (Amtrak,,TRUE,Minimal (<5),FALSE,None,,Built,2012,,Greenfield
-72.556299,42.850822,1423,Brattleboro,"Brattleboro, VT",,FALSE,Amtrak,,FALSE,Vermonter (Amtrak,,TRUE,Minimal (<5),FALSE,None,,Built,1915,,Brattleboro
-72.444697,43.136259,1424,Bellows Falls,"Bellows Falls, VT",,FALSE,Amtrak,,FALSE,Vermonter (Amtrak,,TRUE,Minimal (<5),FALSE,None,,Built,1923,,Bellows Falls
-72.377802,43.368799,1425,Claremont,"Claremont, NH",,FALSE,Amtrak,,FALSE,Vermonter (Amtrak,,TRUE,Minimal (<5),FALSE,None,,Built,1920,,Claremont
-72.384704,43.480099,1426,Windsor,"Windsor, VT",,FALSE,Amtrak,,FALSE,Vermonter (Amtrak,,TRUE,Minimal (<5),FALSE,None,,Built,1901,,Windsor
-72.3178,43.647965,1427,White River Jct.,"White River Junction, VT",,FALSE,Amtrak,,FALSE,Vermonter (Amtrak,,TRUE,Minimal (<5),FALSE,None,,Built,1937,,White River Jct.
-72.665406,43.922539,1428,Randolph,"Randolph, VT",,FALSE,Amtrak,,FALSE,Vermonter (Amtrak,,TRUE,Minimal (<5),FALSE,None,,Built,,,Randolph
-72.606468,44.255682,1429,Montpelier,"Montpelier, VT",,FALSE,Amtrak,,FALSE,Vermonter (Amtrak,,TRUE,Minimal (<5),FALSE,None,,Built,1849,,Montpelier
-72.751756,44.335213,1430,Waterbury,"Waterbury, VT",,FALSE,Amtrak,,FALSE,Vermonter (Amtrak,,TRUE,Minimal (<5),FALSE,None,,Built,1875,,Waterbury
-73.110053,44.492667,1431,Essex Jct.,"Essex Junction, VT",,FALSE,Amtrak,,FALSE,Vermonter (Amtrak,,TRUE,Minimal (<5),FALSE,None,,Built,1958,,Essex Jct.
-73.086247,44.812374,1432,St. Albans,"St. Albans, VT",,FALSE,Amtrak,,FALSE,Vermonter (Amtrak,,TRUE,Minimal (<5),TRUE,None,,Built,1851,,St. Albans